Longitude,Latitude,UHI Index
-77.30169667,39.10924667,0.98970926
-77.30038167,39.11336167,0.97893023
-77.300285,39.10843333,0.9936703
-77.299315,39.10788,0.9874188
-77.2993,39.115225,0.9775629
-77.29857667,39.11649833,0.97665954
-77.29818667,39.16847,1.0109717
-77.298055,39.166535,1.0108248
-77.29798,39.16643167,1.0121566
-77.29793667,39.17146,1.0271353
-77.29792333,39.117495,0.977743
-77.29785167,39.17129667,1.0285965
-77.29781,39.16623167,1.0118619
-77.297805,39.17175333,1.0274689
-77.29772,39.16613833,1.0098902
-77.29757667,39.171865,1.0260881
-77.29729667,39.17206,1.0230258
-77.2972,39.16077167,0.9966669
-77.29710667,39.11821,0.9783549
-77.297,39.16379167,1.0103173
-77.29696333,39.17233833,1.0196657
-77.296885,39.12878833,0.98848844
-77.29687,39.10639,0.99267095
-77.29677333,39.16409,1.001157
-77.29673833,39.10631,0.9908121
-77.296675,39.16330667,1.0119821
-77.29662333,39.12991167,0.9964254
-77.29659333,39.16306667,1.0068669
-77.29656167,39.16197667,1.0024099
-77.29654333,39.15968833,0.9997053
-77.29652833,39.11880667,0.9824759
-77.29649167,39.15973833,1.0070331
-77.29644833,39.15989333,1.0046786
-77.29627,39.12627833,0.9854236
-77.29623667,39.13114833,0.9966949
-77.29621333,39.11905,0.9815108
-77.29612333,39.13141,0.9972614
-77.29611333,39.17306833,1.0112691
-77.29605333,39.12598333,0.9814569
-77.29600167,39.119225,0.9813956
-77.29600167,39.13166833,0.999033
-77.29598,39.15933333,0.99417835
-77.29571167,39.11955833,0.9834151
-77.29563167,39.11967333,0.98271316
-77.29552667,39.14018333,0.9631981
-77.29538833,39.132755,0.99868315
-77.29536667,39.12016833,0.9818489
-77.29531667,39.13288167,1.0007707
-77.29522,39.15911333,0.9968954
-77.29518,39.12410833,0.9645436
-77.295145,39.120805,0.98323715
-77.29511,39.13807667,0.9818045
-77.29486333,39.122005,0.9811782
-77.29485,39.17392667,1.0217165
-77.29484667,39.10514667,0.9957927
-77.29477667,39.13701833,0.9873263
-77.29471333,39.17395167,1.0175638
-77.29451,39.13600333,0.99697113
-77.294095,39.15959,0.98568296
-77.29407167,39.15972167,0.98658806
-77.29402,39.159975,0.9861061
-77.29388167,39.16039167,0.98850864
-77.29378667,39.16056667,0.98544294
-77.29366167,39.14317333,0.9349394
-77.29322333,39.16127833,0.98178726
-77.29300167,39.16155167,0.9893004
-77.292675,39.16150333,0.98524135
-77.29257667,39.144895,0.945279
-77.29242833,39.16093167,0.9839114
-77.29240667,39.16137667,0.9834118
-77.29237,39.15939167,0.9882157
-77.29224167,39.16120333,0.98482615
-77.29213167,39.15934833,0.9883127
-77.29192167,39.17356167,1.0068878
-77.29179333,39.17353333,1.0087645
-77.29134167,39.10306833,1.004187
-77.29074,39.15878333,0.98895395
-77.29073,39.1732,1.0032195
-77.29020667,39.15935167,0.990119
-77.29009333,39.14848833,0.9647226
-77.28995667,39.14873833,0.9650474
-77.28986,39.17273667,1.0063741
-77.28985167,39.18187,1.0124491
-77.28964,39.18267833,1.0149871
-77.28954,39.14963333,0.9681557
-77.28931167,39.17240667,1.0017122
-77.28931,39.16959167,0.9984066
-77.289255,39.169445,0.9983641
-77.28901167,39.17206,1.008795
-77.28885333,39.15124167,0.96585435
-77.288715,39.16108333,0.9948366
-77.28846667,39.15247,0.95808184
-77.28824833,39.15307333,0.963279
-77.28823667,39.10333,0.99079055
-77.28818333,39.16920833,0.99791145
-77.28803333,39.18373333,1.0251064
-77.28760667,39.18370833,1.0164026
-77.28738333,39.15412833,0.97600484
-77.287285,39.10356167,0.9928924
-77.28719667,39.16217,0.98696524
-77.286425,39.153745,0.9638735
-77.28626167,39.16260333,0.98989034
-77.28531,39.18344,1.0064869
-77.28527833,39.15355667,0.96183467
-77.28520333,39.15390667,0.95873207
-77.28519833,39.153845,0.9580278
-77.28512167,39.15415667,0.9578753
-77.284675,39.19555167,1.0068738
-77.28467333,39.19446333,1.0052892
-77.28401667,39.19703833,1.0097294
-77.28383,39.172985,1.01072
-77.28376667,39.10609833,0.9935398
-77.28374833,39.18669,0.99770826
-77.28369833,39.193665,1.0024722
-77.28367833,39.18634833,0.99979436
-77.28365833,39.170815,0.9999081
-77.28348833,39.16912833,0.9925592
-77.28339167,39.17011333,0.99201393
-77.28332333,39.106485,0.9953665
-77.283305,39.16920333,0.9958407
-77.28324333,39.169805,0.99233735
-77.28319667,39.16970833,0.9917393
-77.28313833,39.19740667,1.0089362
-77.28313,39.18563667,0.997593
-77.28288667,39.19743167,1.0111964
-77.28284167,39.17601167,1.0051143
-77.282835,39.16256667,0.9992311
-77.282765,39.10695,0.9969269
-77.282445,39.19025333,1.0150347
-77.28219667,39.16224833,0.9933049
-77.28198667,39.11299667,0.9849108
-77.28186333,39.19208667,0.99919784
-77.28178667,39.11269167,0.9875295
-77.28172333,39.19056667,1.0085759
-77.28149167,39.15409833,0.96217906
-77.28140333,39.15415167,0.9613746
-77.28139333,39.11371167,0.98752195
-77.28139333,39.19161167,1.0073916
-77.28132333,39.11379667,0.98685384
-77.28125,39.15425833,0.960942
-77.28117333,39.19699333,1.0033528
-77.28114833,39.19146667,1.005604
-77.28111667,39.154345,0.96132636
-77.28109167,39.19082667,1.0103897
-77.28105,39.1142,0.98079455
-77.28097667,39.15438667,0.96012217
-77.28093333,39.114655,0.98839265
-77.28093167,39.190935,1.0100529
-77.28084833,39.154345,0.9581836
-77.280755,39.19111833,1.0093957
-77.28071,39.11026667,0.9982737
-77.280635,39.11019333,0.9982238
-77.28059333,39.15418167,0.9561553
-77.28042667,39.15406667,0.956575
-77.28034167,39.19674167,1.0056912
-77.28028667,39.10920667,0.9884377
-77.28017667,39.15388833,0.95630884
-77.28000333,39.15378833,0.95603204
-77.279985,39.10982,1.0005555
-77.27983333,39.15371667,0.95592105
-77.279555,39.15366167,0.9554097
-77.27927167,39.15362833,0.95879155
-77.27925,39.19643167,1.0107723
-77.27898667,39.115405,0.9813237
-77.27868667,39.15351167,0.95919895
-77.27864167,39.115445,0.98111403
-77.278455,39.15344333,0.95826
-77.27836167,39.15346333,0.9543808
-77.278315,39.11343167,0.9885558
-77.27822333,39.11484833,0.988341
-77.27820167,39.11426167,0.987942
-77.278195,39.11180167,0.9932792
-77.27743833,39.19637333,1.0063196
-77.277365,39.155015,0.9611555
-77.27705667,39.1716,1.0073237
-77.27703,39.15548,0.9705079
-77.277015,39.171415,1.0071524
-77.276875,39.17133167,1.0061176
-77.27668167,39.17191833,0.9962297
-77.27665833,39.19983833,0.99545604
-77.27645333,39.15641167,0.9756305
-77.27638833,39.15652833,0.97506243
-77.27620833,39.19895833,0.9867047
-77.27584,39.15917167,1.0087105
-77.275595,39.15728667,0.96839625
-77.27556667,39.17062,1.0023903
-77.27550667,39.20180667,1.0068952
-77.27547333,39.15727333,0.97174114
-77.27541,39.159075,1.005334
-77.27536167,39.17284667,0.98449796
-77.27529167,39.19836667,0.97975016
-77.27523833,39.111985,0.99408835
-77.27523167,39.15917667,1.0073273
-77.27475833,39.16061667,1.0065045
-77.27466333,39.17012333,0.99184424
-77.27431667,39.15686,0.971858
-77.27431333,39.14578167,0.9681041
-77.27428667,39.16204167,0.9964844
-77.27422,39.19744333,0.98702914
-77.27420167,39.162315,1.0000664
-77.2741,39.196855,1.0027151
-77.273805,39.14644333,0.9518179
-77.27379,39.16362333,0.9843242
-77.27371667,39.16385,0.9842187
-77.27358667,39.156445,0.9717743
-77.27353667,39.20124,1.0074247
-77.27335333,39.16460333,0.9894534
-77.27323333,39.11249667,1.0051718
-77.27316333,39.20149833,1.01217
-77.27302167,39.169195,1.0015733
-77.27296333,39.20164333,1.0074966
-77.272935,39.16519167,0.98537666
-77.27289667,39.14401,0.96385896
-77.27282,39.155955,0.970606
-77.27262167,39.20187333,1.0125444
-77.27249333,39.165625,0.99862206
-77.27239333,39.202025,1.0129577
-77.27228667,39.175125,0.998653
-77.272125,39.15561667,0.9741952
-77.27196833,39.16869833,1.0028613
-77.271605,39.16821333,0.99968725
-77.27159,39.20167167,1.008229
-77.27156167,39.14252333,0.9669567
-77.27149167,39.147385,0.9563535
-77.27146667,39.20156333,1.0081476
-77.27137667,39.16785,1.0002717
-77.271275,39.16766833,0.9938223
-77.27117,39.14208833,0.966309
-77.27116333,39.20131667,1.011119
-77.27100333,39.167205,0.9890162
-77.27075833,39.16678833,0.9898673
-77.27066,39.15417167,0.96500397
-77.27059333,39.15410333,0.96537894
-77.27048833,39.18311,1.0061694
-77.27038,39.11302833,0.99299556
-77.27037333,39.14785833,0.9598439
-77.27030333,39.20061833,1.0075407
-77.27018667,39.11305833,1.0040474
-77.27014,39.11485833,0.99881184
-77.27010833,39.11491833,0.9951791
-77.27004833,39.11432333,0.99936557
-77.27004667,39.11308167,1.0062925
-77.27002167,39.200435,1.0058991
-77.27001333,39.11495,0.99405885
-77.26997833,39.17687167,1.000947
-77.26959167,39.14837,0.94937164
-77.26957,39.183485,1.0027372
-77.26945833,39.19985833,1.0026829
-77.26940333,39.14853667,0.9497207
-77.26933333,39.18354667,1.0106761
-77.26870667,39.11530833,0.9898147
-77.268465,39.17805167,1.0170094
-77.26839333,39.19820833,1.0130402
-77.26835167,39.17814167,1.0079365
-77.26832833,39.19717167,1.0138781
-77.26826667,39.15227333,0.94516504
-77.26811167,39.15241167,0.9438639
-77.267875,39.17848833,1.0106684
-77.26773833,39.08833667,1.0153657
-77.26769667,39.11599167,0.9910712
-77.26765167,39.18402167,1.0035224
-77.26758833,39.17918,1.0175997
-77.26754,39.179115,1.0175484
-77.26749667,39.17874167,1.0193657
-77.26749333,39.17905,1.0177126
-77.26741,39.11622333,0.9915321
-77.26732667,39.09108167,1.0054269
-77.267155,39.09139667,1.0143481
-77.26714833,39.11654667,0.9896999
-77.26712,39.138485,0.9444859
-77.26704667,39.11671333,0.9923919
-77.26680833,39.18439833,0.99883753
-77.266605,39.09262,1.0173477
-77.266245,39.18475167,1.0091387
-77.26620833,39.09433333,1.022778
-77.2661,39.09480833,1.018036
-77.26609333,39.184685,1.0068971
-77.265985,39.09525,1.0193537
-77.26598,39.19364833,1.0266036
-77.265805,39.08475667,1.0041305
-77.26578333,39.19073333,1.0257429
-77.265565,39.22780833,0.9858859
-77.265525,39.19258333,1.0272552
-77.26549,39.22773667,0.9861644
-77.26549,39.11964667,0.9930446
-77.26528,39.08385667,1.0046132
-77.26524333,39.19194667,1.031529
-77.26516667,39.191775,1.0311095
-77.265145,39.13792333,0.9440577
-77.265035,39.22877833,0.98758507
-77.26499333,39.08340333,1.0040691
-77.26472833,39.18459667,1.0074012
-77.264365,39.18451333,1.0087885
-77.26435667,39.11912667,0.991029
-77.264225,39.09706833,1.0160934
-77.26405833,39.183335,0.9983434
-77.26394167,39.08248333,0.99942
-77.263905,39.18698333,1.0154598
-77.26382333,39.097005,1.0119284
-77.26371667,39.13784333,0.9532654
-77.26368,39.18646,1.0156022
-77.263615,39.18261667,1.0171249
-77.26347833,39.18606333,1.023546
-77.26340667,39.22594167,0.98097336
-77.263305,39.11859833,0.987821
-77.26306667,39.06969,1.0051885
-77.26294333,39.096725,1.0145895
-77.26285833,39.09668667,1.0145521
-77.26279833,39.081995,1.0009824
-77.26253667,39.22971667,0.978273
-77.26251,39.08190833,1.002604
-77.262455,39.17091333,0.9894635
-77.262445,39.11818,0.98867446
-77.26244333,39.18510167,1.021872
-77.26243167,39.171495,0.9957183
-77.262345,39.11812833,0.9900857
-77.26232667,39.137795,0.972135
-77.26225,39.17070167,0.9865475
-77.261865,39.17277667,0.9956947
-77.261805,39.17291333,0.9948017
-77.26176833,39.23002333,0.9733348
-77.26161833,39.17332667,0.9889372
-77.26154,39.08170833,1.0029399
-77.26152167,39.07062,1.0063746
-77.26147333,39.22430167,0.98610926
-77.26137667,39.22421333,0.9862127
-77.26136667,39.23014833,0.96945196
-77.26133667,39.18152667,1.0394248
-77.261335,39.06813667,1.009692
-77.261215,39.116815,1.004966
-77.26120833,39.08164333,1.0033201
-77.26119833,39.0681,1.0085377
-77.26115167,39.11548333,1.0059772
-77.26113,39.095495,1.014951
-77.26106167,39.174585,0.9737257
-77.261015,39.11512667,1.0041181
-77.26098,39.09525667,1.0140009
-77.26093833,39.09518,1.0127099
-77.26091833,39.16931167,0.98299885
-77.26089833,39.09510833,1.0109533
-77.260815,39.07154167,1.0067067
-77.26063833,39.06794833,1.0068727
-77.26056,39.072185,1.0040473
-77.26051667,39.07231,1.0035807
-77.26042167,39.22301,0.9801476
-77.26028333,39.11446333,0.9943431
-77.26024333,39.18221,1.0167619
-77.260215,39.22255,0.9762522
-77.26021,39.18210167,1.0165508
-77.25997833,39.07377333,0.99978715
-77.25985,39.137725,0.9712216
-77.259795,39.09363,1.0023308
-77.25976333,39.06770833,1.0093884
-77.25972333,39.07455667,1.0001905
-77.25964833,39.23072,0.9745442
-77.25962833,39.06767167,1.0091993
-77.259585,39.09352,1.0068791
-77.25927167,39.09340333,1.002402
-77.25909833,39.16581167,0.96759623
-77.25883333,39.163615,0.9605597
-77.25882667,39.220835,0.9777728
-77.25869,39.22073167,0.983235
-77.258465,39.163025,0.9585115
-77.25829667,39.08138333,1.0025522
-77.25827667,39.22043833,0.98130006
-77.25822833,39.09337667,0.99540144
-77.25804333,39.07701167,1.0031191
-77.2578,39.07735833,1.0020434
-77.25750833,39.21989667,0.98807293
-77.257395,39.07789,1.0025177
-77.25723833,39.114445,0.9936025
-77.25700167,39.080805,1.0102943
-77.25694333,39.23125667,0.98232746
-77.25688333,39.21943667,0.9889239
-77.25681667,39.09430333,1.0018061
-77.25675833,39.16213667,0.9639157
-77.25658667,39.080485,1.0054691
-77.25636333,39.219045,0.9889197
-77.25626167,39.11307167,0.9798544
-77.255935,39.09498833,1.0050634
-77.25590833,39.13759667,0.9914149
-77.25579667,39.07984667,1.0075796
-77.25568167,39.07980167,1.0079976
-77.25559167,39.23096,0.981114
-77.25527333,39.08027667,1.0075988
-77.25523,39.21816333,0.99191475
-77.25521833,39.06576167,1.0098218
-77.25514,39.09661833,1.0032216
-77.25498833,39.11364667,0.9872831
-77.25479667,39.23072667,0.97999173
-77.25468333,39.17540167,0.99327683
-77.25444667,39.06531833,0.999479
-77.25442667,39.15489667,0.9468556
-77.25440833,39.2306,0.9817547
-77.25440833,39.096845,0.99575275
-77.254085,39.08028167,1.005944
-77.25405667,39.15613667,0.93140507
-77.25402833,39.23045333,0.98109543
-77.25391667,39.15630167,0.93159366
-77.25390833,39.15419,0.97025317
-77.25361167,39.15707167,0.9275156
-77.25353667,39.082745,1.0149521
-77.253465,39.09712833,0.99520355
-77.25345,39.19459833,0.98646235
-77.25344,39.08345333,0.9998719
-77.253365,39.08362667,1.0127368
-77.253245,39.08005167,1.0121131
-77.253015,39.11441333,0.98913825
-77.25297833,39.11443333,0.98913825
-77.25293333,39.17486333,1.005581
-77.25286833,39.16175333,0.979401
-77.25286833,39.08070167,1.0061197
-77.25286167,39.064325,1.0045149
-77.25283667,39.10356833,0.9975346
-77.25282,39.11550333,0.99257255
-77.25281333,39.11626833,0.9942329
-77.25280833,39.11597667,0.99581456
-77.2527,39.10091667,1.0022674
-77.25265,39.11751167,1.0022391
-77.25257333,39.22956667,0.9858273
-77.25255,39.117605,1.0046852
-77.25254833,39.08189167,1.0100226
-77.25250833,39.10416833,0.99321985
-77.25245167,39.08185,1.0097349
-77.25242667,39.16178167,0.9792512
-77.25238,39.081005,1.0104388
-77.252365,39.064,1.0049702
-77.25228167,39.16179333,0.9813799
-77.25226,39.21565167,0.9933411
-77.25224,39.06392,1.0042375
-77.25220667,39.174555,1.0044321
-77.25208667,39.1049,0.99553627
-77.252035,39.15935667,0.93917507
-77.25198667,39.21551833,0.99341774
-77.25196833,39.15413833,0.96589607
-77.25189333,39.174425,1.0015202
-77.25185,39.08471333,1.0149626
-77.25184833,39.21545,0.9933929
-77.25178833,39.10567,1.0003197
-77.25152167,39.22893167,0.9869774
-77.251485,39.15987667,0.94768614
-77.251305,39.19462667,0.9869135
-77.251205,39.117265,1.0039471
-77.25112,39.13652167,1.0067629
-77.25110667,39.063175,1.0022824
-77.25070167,39.21488833,0.9928256
-77.25065833,39.08094667,1.0073402
-77.250635,39.11707833,1.0036954
-77.25036833,39.08523833,1.0142442
-77.25034167,39.17405667,0.99890536
-77.25032,39.22817833,0.98619556
-77.25014,39.19452667,0.99229753
-77.25012667,39.10710167,1.0032791
-77.24998833,39.19449333,0.99216264
-77.24991333,39.10687167,1.0004264
-77.24974,39.116805,1.0082239
-77.24961167,39.15392833,0.9796548
-77.249235,39.08550833,1.0106673
-77.24919333,39.194145,0.9948158
-77.24914167,39.08549667,1.0106828
-77.24911167,39.227405,0.9861081
-77.24896833,39.19399333,0.99612975
-77.248825,39.11654167,1.00638
-77.248765,39.061865,0.99812883
-77.24866667,39.21278833,0.9995147
-77.24859333,39.08405833,1.0165185
-77.24857167,39.08132,1.0075623
-77.24851167,39.10604167,1.0022101
-77.24839,39.134755,1.0087935
-77.248335,39.10604,1.0031188
-77.24820667,39.22678167,0.9844299
-77.24811167,39.15262833,0.9697756
-77.24810833,39.226705,0.98405284
-77.24763,39.22627667,0.98549235
-77.24746333,39.22590167,0.981255
-77.24733333,39.13425,1.0123363
-77.24720333,39.06120167,0.9913255
-77.24704,39.08102167,1.0039247
-77.246975,39.20863167,0.99294
-77.24677,39.10672167,0.99953437
-77.246695,39.11584167,1.0032425
-77.24669167,39.20761833,0.99807346
-77.24668833,39.060935,0.98875856
-77.24662667,39.20739167,0.99984425
-77.24656333,39.207165,0.99971753
-77.24642333,39.08087167,1.0073625
-77.24639833,39.084525,1.0018106
-77.24636333,39.15121833,0.9951184
-77.246275,39.13382667,1.0082812
-77.24623167,39.20593,1.0045133
-77.24612333,39.20549667,1.0078856
-77.246065,39.06060167,0.98768497
-77.24606167,39.11618,1.0195653
-77.24601,39.11624,1.0156842
-77.24593833,39.084645,1.004129
-77.24577333,39.10658333,0.99653864
-77.24569833,39.116645,1.0186418
-77.24553,39.10657333,0.99639
-77.24526667,39.11726,1.0096989
-77.24515167,39.11750833,1.0107495
-77.24498333,39.13343333,1.0046749
-77.24497,39.11803833,1.002456
-77.24494,39.059975,0.9877059
-77.244845,39.133405,1.0007569
-77.24476167,39.150635,0.9912189
-77.24472167,39.118595,1.0049511
-77.244645,39.10666833,1.0046669
-77.24462333,39.15071167,0.99098074
-77.244585,39.11894667,0.99825245
-77.24450333,39.05959,0.9873769
-77.24445167,39.13330167,0.9991665
-77.244305,39.10674833,1.0071119
-77.24429667,39.11978167,0.9903099
-77.24406,39.058835,0.98213303
-77.24401333,39.15089833,0.98708916
-77.24398833,39.10679,1.0089729
-77.24398333,39.12045,0.99436927
-77.24392667,39.22276,0.99246144
-77.24387,39.121295,1.0000767
-77.24382333,39.05838,0.9808514
-77.24376333,39.122405,0.9941502
-77.243655,39.12406,1.0049841
-77.24362167,39.12391667,0.99351674
-77.24352667,39.12466,0.9883618
-77.24340667,39.22203,0.99447197
-77.24336667,39.177455,1.0062724
-77.24335167,39.22192,0.9962815
-77.24334333,39.15108333,0.9869636
-77.24330167,39.21951833,0.9994258
-77.243255,39.22170667,0.9971057
-77.24321833,39.22159667,0.996743
-77.24321833,39.08022,1.0045171
-77.24318333,39.22148667,0.99722475
-77.243065,39.12295667,1.0008528
-77.24305333,39.12301833,1.000014
-77.24304667,39.12307833,0.9995952
-77.24304333,39.12554333,0.99076146
-77.242995,39.10659667,1.0105774
-77.24292167,39.10660333,1.0105774
-77.24288833,39.132695,0.99401104
-77.24256,39.179295,0.99600226
-77.24244333,39.05577333,0.994817
-77.242435,39.178015,1.003097
-77.24236833,39.10681167,1.0104128
-77.242255,39.21708167,0.9902361
-77.242135,39.17882,1.0016825
-77.24206167,39.05509,0.99979454
-77.24193333,39.20375,0.978362
-77.24188,39.20342667,0.97857946
-77.24184,39.20336833,0.9792721
-77.24175667,39.20384833,0.9776165
-77.241225,39.126695,1.005034
-77.24109,39.13172833,1.0028399
-77.24104833,39.15258667,0.9696843
-77.24085167,39.15273167,0.9689234
-77.24082833,39.13153833,1.0031623
-77.24067167,39.10789,1.0067693
-77.24065833,39.21629,0.99717283
-77.24055833,39.11214,1.0230316
-77.24045167,39.20424833,0.971935
-77.24037333,39.11252167,1.0094277
-77.24036833,39.13114,1.0002325
-77.24028667,39.11259833,1.001626
-77.24024,39.20431,0.97241956
-77.24021333,39.12705167,1.0003529
-77.24020333,39.10822,1.0150138
-77.24009167,39.11168333,1.024537
-77.24006167,39.130855,0.99964595
-77.23998667,39.11286667,1.0008179
-77.23975667,39.21055,1.0039886
-77.23969167,39.10854167,1.0189021
-77.239665,39.21078333,1.002136
-77.23966333,39.15355833,0.95924217
-77.23958167,39.20148333,0.97921896
-77.23951833,39.20146333,0.97921896
-77.23944667,39.20144167,0.974821
-77.239435,39.15727167,0.9209157
-77.23942333,39.05223833,0.9999697
-77.23936667,39.21226333,0.9972417
-77.23933,39.12746167,1.0044855
-77.23922,39.21612667,1.0029962
-77.23921667,39.19732167,0.98344237
-77.23906667,39.215005,1.004915
-77.23903667,39.19892833,0.96768075
-77.23897833,39.08052333,1.0063161
-77.23896167,39.19917,0.96732426
-77.238935,39.20123333,0.97173655
-77.23866,39.08646,1.0143983
-77.238615,39.15920833,0.9264454
-77.23860833,39.20079833,0.9711131
-77.23857333,39.20610833,0.9774172
-77.23854667,39.20700833,0.9759163
-77.23854333,39.20708667,0.97631377
-77.23853667,39.20724667,0.97565794
-77.23842,39.131005,0.9980804
-77.23841333,39.15925667,0.9272479
-77.23837667,39.12177333,1.024726
-77.238325,39.15453167,0.9314608
-77.23828333,39.15453,0.9314608
-77.23823333,39.11988,1.0189732
-77.238205,39.05153667,0.9984688
-77.23819833,39.10887833,1.020712
-77.238175,39.12069,1.0196102
-77.23815,39.12104833,1.020374
-77.238025,39.11494833,1.0055091
-77.238025,39.17556333,1.0081978
-77.23799333,39.108865,1.0181767
-77.23793333,39.121295,1.0265957
-77.23792833,39.20886667,0.98096395
-77.237875,39.10961167,1.02492
-77.23782833,39.08076,1.0094836
-77.23782333,39.11513,1.0038393
-77.23778667,39.19605333,0.9691092
-77.23777333,39.11539333,1.0014244
-77.23775833,39.11549167,1.0018593
-77.23775833,39.12822,1.0065701
-77.237705,39.15933333,0.9316226
-77.237635,39.155115,0.92606246
-77.23761,39.119775,1.0192511
-77.23759833,39.20914,0.9811959
-77.23755833,39.20992833,0.9818477
-77.23754833,39.11651667,1.0054243
-77.23751333,39.11975333,1.0206453
-77.237455,39.10891833,1.02443
-77.23737,39.20948167,0.9802225
-77.23735,39.08728167,1.0170242
-77.237235,39.08739,1.0199445
-77.23717667,39.08744333,1.0234557
-77.23710167,39.173395,1.0033429
-77.236965,39.173135,1.0020882
-77.23687167,39.19703667,0.9619234
-77.23681333,39.11711167,1.0130032
-77.23673667,39.08789667,1.0177578
-77.23662833,39.11713833,1.0134572
-77.23661,39.11961833,1.0228388
-77.23638333,39.11713833,1.0141518
-77.23602833,39.11724833,1.0194775
-77.23596,39.12328333,1.019805
-77.23595667,39.13147667,0.99412906
-77.23592833,39.11736833,1.0207231
-77.23588167,39.12327667,1.0184397
-77.23587333,39.17646333,0.9889931
-77.235615,39.17074167,0.9866301
-77.23558667,39.19743,0.9556956
-77.23553833,39.11811667,1.0198882
-77.23552667,39.15956,0.9275472
-77.23536833,39.11791833,1.0243318
-77.23536167,39.17656333,0.9887914
-77.23533833,39.08193833,1.005187
-77.23533667,39.13157167,0.995322
-77.23531833,39.11783833,1.0232128
-77.2352,39.13156667,0.99601746
-77.23516667,39.144695,0.9878272
-77.235075,39.12907667,1.0173845
-77.23506333,39.14476167,0.9868558
-77.234995,39.14422833,0.9891068
-77.234835,39.09067333,1.0192969
-77.23477,39.09079,1.0188103
-77.23476333,39.12909167,1.019027
-77.23470333,39.090905,1.018385
-77.23467333,39.144965,0.9889985
-77.23457,39.14310833,0.9858952
-77.23457,39.082185,1.006438
-77.23455333,39.14290833,0.98509914
-77.23451,39.09125333,1.0159448
-77.23445333,39.14136833,0.9839557
-77.23442833,39.12316,1.0194438
-77.234385,39.15982,0.92843676
-77.23432333,39.12909333,1.0189629
-77.234195,39.12909167,1.020105
-77.23414833,39.14090333,0.98702955
-77.23410833,39.16876167,0.9896371
-77.23402833,39.14542333,0.99212146
-77.23397,39.19061167,0.98714435
-77.23394333,39.19072,0.986354
-77.23381667,39.140615,0.98566514
-77.23371667,39.14055,0.9866352
-77.23362667,39.12313833,1.0153522
-77.233585,39.048685,1.0052813
-77.23357333,39.092925,1.0177298
-77.233445,39.14622667,0.9906499
-77.23341833,39.09315333,1.0179546
-77.23329667,39.192895,0.9730844
-77.23327,39.14667,0.9945808
-77.23324833,39.04858167,1.0044948
-77.23323833,39.16006167,0.944416
-77.23320667,39.05027833,1.0094546
-77.23312667,39.04980167,1.0064852
-77.23312333,39.05126333,1.0062833
-77.23307667,39.04883667,1.0053722
-77.23307167,39.048925,1.0045571
-77.23305,39.08269833,1.0069714
-77.232965,39.051635,1.0043334
-77.23281167,39.18697667,0.98621076
-77.232675,39.16043,0.9481368
-77.23251833,39.14978,1.0061697
-77.23250667,39.18506333,0.9866209
-77.23241833,39.17771333,0.9805142
-77.23240833,39.05294333,1.0028625
-77.232385,39.12349667,1.0056753
-77.23230167,39.05317167,1.0066756
-77.23228667,39.18424333,0.9882269
-77.23226,39.12353833,1.0089455
-77.232245,39.184135,0.99092704
-77.23221833,39.19411667,0.97374326
-77.23213167,39.14738333,1.0046687
-77.232055,39.195985,0.9470957
-77.23202667,39.16095333,0.9469244
-77.23200167,39.05486,1.0092661
-77.231975,39.05558333,1.0112394
-77.23196333,39.18332,0.99252164
-77.23192667,39.1832,0.99245185
-77.23178667,39.18147333,0.9894848
-77.23177833,39.18167,0.987695
-77.231755,39.18197833,0.98676085
-77.23168333,39.16124667,0.9428451
-77.23167833,39.19420833,0.972497
-77.23166,39.09542333,1.0244892
-77.23138833,39.17815667,0.97880286
-77.231325,39.15280833,1.004906
-77.23132333,39.05741,1.0121943
-77.23128667,39.19520167,0.9552715
-77.23116667,39.09592833,1.0257303
-77.23111667,39.12390667,1.0021875
-77.231105,39.05793333,1.0116901
-77.23108167,39.12392,1.0021875
-77.230965,39.15341167,1.0066686
-77.23092167,39.16161,0.9463794
-77.23087667,39.05859,1.0093044
-77.23087333,39.19441,0.9656493
-77.23081167,39.16786667,0.98210067
-77.23075833,39.08344333,1.0019096
-77.230525,39.12903833,1.0229737
-77.23051667,39.12849667,1.021648
-77.23045,39.08354833,1.0016801
-77.23039,39.127595,1.0176601
-77.230305,39.124045,0.99769115
-77.23025167,39.06046,1.0079365
-77.230185,39.12917833,1.0226647
-77.230155,39.12752667,1.0136393
-77.23013,39.162085,0.94943583
-77.230065,39.060915,1.0056609
-77.22999667,39.06384667,1.0015652
-77.229985,39.06128,1.0038651
-77.22981667,39.16265,0.95045847
-77.22976833,39.12919167,1.0224278
-77.22932167,39.16350833,0.9435832
-77.22918,39.12384667,1.0002432
-77.229175,39.09731,1.0300039
-77.228995,39.12381333,1.002148
-77.22896333,39.14082333,0.9938171
-77.22894833,39.12750167,1.0042427
-77.228825,39.08408667,1.0007262
-77.22862667,39.12745167,1.0001389
-77.22841,39.14109667,1.002574
-77.22833833,39.16428667,0.94922215
-77.22826833,39.14132167,1.0027273
-77.228205,39.16567,0.95618194
-77.22812,39.14144833,1.0029695
-77.22804167,39.14150667,1.0029821
-77.22786833,39.14161167,1.002883
-77.22784833,39.16525333,0.9578773
-77.22782,39.12387167,1.008689
-77.22781,39.12721667,1.00371
-77.22753667,39.16470667,0.9649394
-77.22752,39.16474167,0.9649394
-77.22750667,39.12995167,1.0217528
-77.227405,39.123365,1.0052623
-77.22704333,39.13031333,1.0212251
-77.22701167,39.12785833,1.0082409
-77.22691667,39.06877667,0.9915152
-77.22671167,39.15595333,1.0100611
-77.22662167,39.12305167,1.0054485
-77.22648667,39.14174833,1.0004157
-77.226445,39.12298833,1.0066329
-77.22626667,39.13114333,1.0197884
-77.22621333,39.12291833,1.0066077
-77.22617333,39.08477833,1.0061768
-77.22617167,39.13124833,1.0178417
-77.22594333,39.09947833,1.0148835
-77.22573833,39.122785,1.005339
-77.22567167,39.08489333,1.0057313
-77.22564667,39.14173167,1.0022452
-77.22562,39.12272667,1.0061371
-77.225475,39.15651833,1.0098425
-77.225305,39.07119167,0.99961716
-77.22513667,39.12579,1.0092939
-77.22512167,39.12573,1.0094965
-77.22503667,39.190605,0.97162783
-77.22498667,39.12336333,1.0090444
-77.22491833,39.123525,1.0090437
-77.22491333,39.10016833,1.0191952
-77.22489167,39.12542667,1.0098526
-77.22488,39.19099667,0.96607417
-77.22481333,39.12543167,1.0101721
-77.22478833,39.127105,1.0061983
-77.22477167,39.19144333,0.9649206
-77.224585,39.19265667,0.96379364
-77.22458333,39.085145,1.0079501
-77.224545,39.07220667,1.0002729
-77.22451333,39.19321833,0.9573017
-77.22444833,39.19525333,0.9645988
-77.22443167,39.13301833,1.0180169
-77.22443,39.12378667,1.008061
-77.22442667,39.10071667,1.0264446
-77.22440333,39.14177833,1.0045222
-77.22436667,39.19052167,0.96689385
-77.22433333,39.10088833,1.0255096
-77.22428833,39.141995,1.0028669
-77.22427667,39.13334833,1.0205762
-77.22422,39.14252333,1.0002723
-77.22413833,39.10139,1.0202129
-77.22411,39.12506667,1.008017
-77.224035,39.10219167,1.0167917
-77.22402333,39.14303333,1.0019612
-77.22401833,39.124915,1.0094035
-77.223975,39.15721833,1.0091664
-77.223675,39.12430167,1.0087533
-77.223465,39.19039167,0.9659359
-77.22346167,39.13580167,1.0314044
-77.22342,39.13592833,1.030395
-77.223355,39.10309167,1.0184361
-77.22312,39.13681333,1.0282367
-77.22309,39.10309333,1.0201168
-77.22283167,39.13768333,1.0284368
-77.22262333,39.13828667,1.02998
-77.222445,39.08561833,1.0143704
-77.22232,39.13915,1.029418
-77.22227,39.10297167,1.0189346
-77.221895,39.15820333,1.0139681
-77.22187333,39.14033833,1.0316907
-77.22183167,39.07162333,0.9969913
-77.22165833,39.140865,1.0297668
-77.221625,39.14269333,1.0216506
-77.22124667,39.07151667,0.99726146
-77.22118167,39.142125,1.0279822
-77.22088833,39.14247833,1.0290045
-77.22083167,39.19665333,0.9899493
-77.22075167,39.15869833,1.0237395
-77.22060333,39.14240833,1.023791
-77.220535,39.10287667,1.0280347
-77.22036167,39.10324333,1.0278032
-77.22023667,39.08608333,1.021033
-77.21999833,39.14246167,1.0224757
-77.21992333,39.08617333,1.0219152
-77.219775,39.142405,1.0237153
-77.21933333,39.10543667,1.0159663
-77.219285,39.08633333,1.023128
-77.219165,39.07126167,0.98848826
-77.21906667,39.18960667,0.9780267
-77.21877833,39.18945667,0.9780172
-77.21876,39.15961833,1.0242201
-77.21849333,39.08645833,1.0262493
-77.21820167,39.18897333,0.9776702
-77.218015,39.18874333,0.96793664
-77.217905,39.14170167,1.0146093
-77.21786,39.10850833,1.0244751
-77.217465,39.1094,1.0295452
-77.21693,39.15995833,1.0130411
-77.21682333,39.07059,0.99839795
-77.216815,39.11826667,1.0168303
-77.21681,39.118135,1.0168235
-77.21678167,39.06980667,0.9995613
-77.21675667,39.118945,1.019781
-77.21671833,39.15996833,1.0130156
-77.21670667,39.11761167,1.0159144
-77.21654,39.14135667,1.0250602
-77.21652,39.18783167,0.9614345
-77.21650833,39.12020333,1.0167253
-77.21649167,39.06926833,1.000444
-77.21639833,39.116865,1.0151795
-77.216395,39.141295,1.0259663
-77.216245,39.19746667,0.9441428
-77.21624167,39.08727,1.0185189
-77.21621333,39.06897,1.0038208
-77.216085,39.15993,1.010208
-77.21607833,39.116155,1.0140096
-77.215975,39.15963167,1.0068597
-77.21595333,39.12168667,1.0187697
-77.2159,39.11572833,1.0146141
-77.21582667,39.10957,1.0216875
-77.21573833,39.15938,1.0080348
-77.21546,39.12265167,1.0206383
-77.214965,39.06874833,1.005474
-77.21489167,39.123465,1.0224494
-77.214195,39.08914333,1.0162737
-77.21386333,39.11527167,1.0151141
-77.21385167,39.15813333,1.0164628
-77.213835,39.14054833,1.017399
-77.21334833,39.1406,1.0229226
-77.21294,39.18576333,0.9646917
-77.212785,39.09050333,1.020067
-77.21254833,39.06840833,0.99978083
-77.21236,39.09091,1.0164341
-77.21235333,39.14044833,1.0248007
-77.212165,39.14057,1.0282211
-77.21199333,39.14056167,1.0278896
-77.21199,39.12572667,1.0249591
-77.21192167,39.11525167,1.0199921
-77.21173667,39.12589,1.0269126
-77.21156333,39.19860333,0.9594203
-77.21133833,39.184665,0.96780753
-77.21126833,39.18460167,0.968077
-77.21117167,39.18449667,0.97410667
-77.21114167,39.184455,0.97410667
-77.21098333,39.19892833,0.96986663
-77.21097333,39.18421333,0.9711617
-77.21076167,39.107745,1.0089307
-77.210715,39.12655,1.0208923
-77.21054833,39.140565,1.0229907
-77.21054,39.15556167,1.0105637
-77.21051167,39.182815,0.961141
-77.21030167,39.18170667,0.96634114
-77.2103,39.07860333,1.0066646
-77.21024833,39.20028333,0.97637194
-77.21012,39.17689833,0.9680247
-77.210075,39.176495,0.9713749
-77.21006333,39.07642167,1.0043917
-77.209935,39.17970167,0.9708839
-77.20985333,39.15499333,1.0074997
-77.20983,39.079745,1.0059474
-77.20975,39.07980167,1.00659
-77.20954,39.07644667,1.006773
-77.20940333,39.06737333,0.98621804
-77.2092,39.17546333,0.9822489
-77.20917833,39.12764333,1.014595
-77.209165,39.07645167,1.0060298
-77.20908,39.115595,1.0197384
-77.20905667,39.14056,1.0249442
-77.209,39.154245,1.0100994
-77.208985,39.12781167,1.0150987
-77.20893,39.17518333,0.98692924
-77.208865,39.115885,1.020812
-77.20884667,39.20201333,0.9735032
-77.20878667,39.09516333,1.0119292
-77.20868833,39.140415,1.0256605
-77.20867833,39.17161,0.99243206
-77.20865,39.15343333,1.0093961
-77.2086,39.153235,1.0091081
-77.20857333,39.17469,0.9877411
-77.20849833,39.10620833,1.0272712
-77.20841833,39.14053167,1.0210803
-77.20838667,39.17261167,0.9902362
-77.20827167,39.17395,0.99001294
-77.20823,39.173495,0.98876613
-77.2081,39.10599833,1.0265588
-77.20809833,39.17038833,0.99722296
-77.20806667,39.11633333,1.0216604
-77.20798,39.12889333,1.0079708
-77.207965,39.06777667,0.9954655
-77.20783,39.06819333,0.99486965
-77.207705,39.096545,1.0216277
-77.207685,39.068725,0.9951134
-77.20763,39.06893167,0.98817617
-77.20756167,39.14046667,1.0264354
-77.207545,39.07621667,1.0010991
-77.20753333,39.07611833,1.0011027
-77.20750333,39.06946833,0.9911325
-77.207435,39.14034167,1.0262601
-77.20735,39.073865,1.0004451
-77.207335,39.203875,0.9677277
-77.20731167,39.10626333,1.0185465
-77.20729833,39.07323,0.99827325
-77.20729,39.07310833,0.9972954
-77.20724167,39.20396167,0.9677422
-77.207025,39.07102,0.99809474
-77.207005,39.07081333,0.99694854
-77.20694167,39.140405,1.023187
-77.20693667,39.10629833,1.0168369
-77.20691333,39.13043833,1.012761
-77.20683167,39.08215,0.9994884
-77.20678667,39.14039167,1.0240151
-77.20671,39.11633,1.0140467
-77.20663333,39.14037667,1.0261083
-77.20621167,39.14019333,1.0210788
-77.206005,39.09691833,1.0122668
-77.20600167,39.116355,1.0125542
-77.20592833,39.13497167,1.0118215
-77.20590833,39.13488667,1.0146496
-77.20586833,39.14026167,1.0281173
-77.20583,39.203475,0.95499545
-77.20574667,39.137165,1.0098444
-77.20572833,39.20339,0.9562547
-77.20572333,39.13755667,1.0197889
-77.20572,39.082735,0.9999746
-77.20567667,39.09688167,1.01333
-77.20565333,39.13502833,1.0174298
-77.20563833,39.08427167,1.0056413
-77.20559,39.13478167,1.0241572
-77.205515,39.16988833,0.99190915
-77.20550833,39.13652167,1.0241145
-77.20548333,39.08392167,1.0018163
-77.20543,39.137405,1.0250401
-77.20542833,39.10153,0.9984117
-77.20540667,39.13765333,1.0268618
-77.205405,39.101145,0.9956998
-77.205395,39.11636167,1.0138067
-77.205395,39.13778,1.0272067
-77.20538167,39.13919,1.0161871
-77.205375,39.138305,1.0215954
-77.20537167,39.16986,0.99231887
-77.20535833,39.08294833,1.0020307
-77.20534333,39.1393,1.0163713
-77.20531667,39.10160833,0.99397886
-77.20526167,39.10072833,0.99796456
-77.20512667,39.14018,1.0332785
-77.205085,39.116345,1.0151379
-77.20508,39.08313333,1.0018239
-77.20501667,39.13978,1.0189519
-77.20496333,39.13991833,1.0311279
-77.20482167,39.16878667,0.9927909
-77.20478333,39.09677167,1.017222
-77.20478167,39.11629167,1.0164562
-77.204775,39.099275,0.9965413
-77.20462667,39.098885,0.999928
-77.20455333,39.16968333,0.9910009
-77.20434833,39.201835,0.9644655
-77.204315,39.13430667,1.0125763
-77.204105,39.0967,1.0095712
-77.20406333,39.201525,0.9653371
-77.20398,39.16404667,0.9976166
-77.20397667,39.158365,1.0079148
-77.203915,39.091615,1.0178363
-77.20390167,39.06359,0.98988104
-77.203885,39.09691167,1.0050163
-77.20385667,39.09678,1.0050603
-77.203705,39.11584167,1.01424
-77.20368333,39.15859833,1.0070461
-77.20366,39.06308833,0.98674875
-77.20359333,39.11575667,1.0125976
-77.20354833,39.06285667,0.9870714
-77.203475,39.13360333,1.010346
-77.20342,39.02645667,1.0039731
-77.20339833,39.06255833,0.982645
-77.20335167,39.06433667,0.9937492
-77.203235,39.062235,0.9788256
-77.20322167,39.060065,0.9815016
-77.20318333,39.02635333,1.0048748
-77.20317167,39.05592833,0.98865986
-77.20316833,39.06045333,0.9808984
-77.203155,39.08370667,1.009768
-77.20315167,39.10685,1.0121418
-77.20308667,39.15667667,1.0007387
-77.20305667,39.09229667,1.0234778
-77.20305167,39.02722,0.9983833
-77.20301167,39.09259667,1.0249196
-77.20299667,39.09236333,1.0236586
-77.20298833,39.06480667,0.9881512
-77.20280167,39.15944667,0.99743485
-77.202735,39.11508,1.0156446
-77.20267,39.02618333,1.0053436
-77.20265667,39.088345,1.0126753
-77.20254667,39.159805,0.99888295
-77.202545,39.13266,1.0058019
-77.20253667,39.02753,0.9942195
-77.20251167,39.08819833,1.0120404
-77.20249667,39.065035,0.98589545
-77.20249167,39.09309833,1.0224406
-77.20247333,39.15992833,1.0045248
-77.20246667,39.11486833,1.0162697
-77.20243833,39.094335,1.0188297
-77.20241,39.05630667,0.9867852
-77.20234,39.06500833,0.9875068
-77.20233167,39.13226,1.0065006
-77.20232167,39.08806167,1.0091913
-77.20222667,39.08969167,1.0122242
-77.20219833,39.16185167,0.99907774
-77.202175,39.094845,1.01296
-77.20215333,39.09008,1.012863
-77.20214,39.16161,0.9995631
-77.20212,39.106265,1.0168124
-77.20209833,39.16136333,1.0000614
-77.202085,39.161245,1.000421
-77.20206,39.08364667,1.0052088
-77.20202333,39.10610167,1.014672
-77.20200833,39.15562,0.9987361
-77.201995,39.13135833,1.0053917
-77.20189333,39.13106333,1.0054471
-77.20186167,39.02899667,0.99594903
-77.201695,39.10555167,1.0134354
-77.20165167,39.10547667,1.0116516
-77.20162,39.155245,0.9975567
-77.20157833,39.05413667,0.9759464
-77.20157833,39.13018333,1.0086209
-77.20150667,39.08370167,1.009686
-77.20144167,39.08748833,1.007613
-77.20142833,39.15505667,0.9977476
-77.20140833,39.05976333,0.99445045
-77.20139,39.12980333,1.0091294
-77.20138,39.10518167,1.0276985
-77.20136,39.053915,0.97671264
-77.20131667,39.08734333,1.0064496
-77.20129167,39.05973167,0.9943609
-77.20129167,39.08515667,1.0121739
-77.20125167,39.12958167,1.0086405
-77.20121833,39.08553167,1.0103921
-77.20120667,39.10200667,0.9960451
-77.20119,39.06460833,0.98186564
-77.201125,39.05347833,0.9742917
-77.2011,39.0858,1.0066735
-77.20098833,39.08617333,1.0057613
-77.20097833,39.08421167,1.0177815
-77.20094167,39.086535,1.0070728
-77.20084833,39.08402333,1.0191783
-77.20083833,39.10421833,1.0153993
-77.20073333,39.052035,0.987675
-77.20071667,39.05196,0.98920345
-77.200645,39.11358833,1.0149728
-77.20060833,39.10187833,0.9941449
-77.20059667,39.05954167,0.99195135
-77.20059167,39.05145667,0.9848418
-77.20056333,39.06434667,0.97712725
-77.20056,39.05805833,0.99542314
-77.200535,39.05815167,0.9937945
-77.200485,39.05112,0.98644024
-77.20046833,39.12865333,1.0074518
-77.20045167,39.05842833,0.99104464
-77.20044167,39.10362167,1.0062147
-77.20040167,39.10193,0.9943308
-77.20039833,39.10356333,1.0054662
-77.20034667,39.05066833,0.98332506
-77.20028833,39.064235,0.97523373
-77.20026667,39.03123,0.99469024
-77.200255,39.113445,1.0213922
-77.20019167,39.05001833,0.9887739
-77.2001,39.10535333,1.0188181
-77.19995833,39.03131833,0.99343055
-77.19974167,39.12811667,1.0039783
-77.19951833,39.08177167,0.9677007
-77.19946833,39.095025,1.013748
-77.199395,39.04900833,0.98284906
-77.19927333,39.063785,0.9670813
-77.19925833,39.026645,0.99580556
-77.19920167,39.047955,0.98273313
-77.199095,39.06368,0.96647173
-77.199055,39.11323,1.0254527
-77.19902833,39.09468,1.0156838
-77.198975,39.11321667,1.026885
-77.19874333,39.04793667,0.9892431
-77.19870833,39.12757333,1.0080309
-77.1987,39.08305167,0.9672546
-77.19834333,39.06325167,0.9670025
-77.19813333,39.07919,0.9840101
-77.19807833,39.09388,1.0181865
-77.19798,39.12745167,1.0070927
-77.19796,39.09378333,1.0192788
-77.19792667,39.07893833,0.9818066
-77.19790167,39.19704333,0.95867455
-77.19785667,39.04852,0.9865896
-77.19776,39.093655,1.0193071
-77.19767,39.04886333,0.9882294
-77.19759667,39.04900167,0.9905726
-77.197595,39.09353833,1.0188317
-77.19749833,39.08493333,0.96690506
-77.197495,39.06286,0.97173196
-77.19727,39.04972833,0.985116
-77.19706,39.03202,0.9946178
-77.19699833,39.07777833,0.9760473
-77.19686333,39.050505,0.990429
-77.19685167,39.06321833,0.97403467
-77.19684833,39.08609167,0.97907573
-77.19679167,39.08618833,0.9790141
-77.19672833,39.196425,0.9534728
-77.19665167,39.06337833,0.9672987
-77.19630667,39.05150167,0.9862644
-77.196245,39.10609,1.0302463
-77.19617,39.03315833,0.9892367
-77.19611167,39.06379833,0.9745292
-77.19610833,39.02677333,0.9891757
-77.195995,39.05199333,0.9893732
-77.19597167,39.10266833,1.0079385
-77.19596167,39.12780667,1.0042431
-77.19593667,39.08755833,0.9841449
-77.19585333,39.09432667,1.0112989
-77.19584,39.03367333,0.98374575
-77.195765,39.09462833,1.0117788
-77.19571,39.12785667,1.00744
-77.19568333,39.10677333,1.0301042
-77.19567667,39.033925,0.98791355
-77.19565667,39.09765833,1.0220933
-77.19559333,39.03404667,0.9874939
-77.19558667,39.088115,0.97826606
-77.19549833,39.112405,1.012019
-77.19532167,39.09864167,1.017232
-77.195315,39.05217167,0.9882423
-77.19527167,39.09881,1.0171261
-77.19526167,39.194565,0.96689135
-77.19521,39.07715167,0.973032
-77.19515667,39.02647667,0.98962706
-77.19512333,39.09730833,1.0166049
-77.19504333,39.09726333,1.0177511
-77.19504,39.06482667,0.9804494
-77.19498667,39.06489667,0.9810183
-77.19483,39.097115,1.0183477
-77.19481833,39.11221833,1.0131234
-77.194785,39.09705333,1.0172393
-77.19472833,39.08956,0.9818613
-77.19465833,39.06530667,0.97064734
-77.19450667,39.092515,0.99892175
-77.1944,39.02617333,0.98946756
-77.19429833,39.06569,0.9654235
-77.19426667,39.09035333,0.98775727
-77.19426667,39.036005,0.99075824
-77.19421333,39.09263333,1.0014707
-77.19419333,39.092625,1.0014707
-77.19418667,39.065845,0.96987385
-77.19411833,39.19332,0.9717308
-77.193985,39.06609,0.9721525
-77.19393667,39.05263667,0.9780665
-77.19393,39.09381667,0.9964811
-77.19392167,39.09457333,0.9986519
-77.19385667,39.139235,1.0175639
-77.193825,39.09352667,0.9966192
-77.19378167,39.02592667,0.98504233
-77.19369,39.14007333,1.0173776
-77.19366667,39.14019,1.0179838
-77.19361,39.095315,1.0025457
-77.193605,39.10808167,1.0170392
-77.19358167,39.06657333,0.9656587
-77.19358167,39.09537,1.0033461
-77.19356833,39.09340667,0.9864739
-77.19355167,39.09542333,1.0036482
-77.19353833,39.05285167,0.9839203
-77.19333167,39.11182333,1.0105977
-77.19324167,39.03778,0.99343926
-77.1932,39.05307667,0.9850499
-77.19314833,39.05312333,0.98367774
-77.19314667,39.03831833,0.99594057
-77.193145,39.02565333,0.98299575
-77.19314,39.09240833,0.9902721
-77.19313,39.128525,1.0065492
-77.19312833,39.09611667,0.9990291
-77.19310667,39.10864833,1.0192065
-77.19309667,39.14844333,1.0130327
-77.19306333,39.09621667,1.005829
-77.19304,39.14347833,1.0162609
-77.19301,39.12857167,1.006903
-77.192975,39.093305,0.99136215
-77.19297333,39.04381667,1.0124023
-77.192915,39.14748333,1.0123056
-77.192915,39.04450833,1.0106426
-77.19287333,39.09662833,1.0101306
-77.19279167,39.04490333,1.0101106
-77.19274833,39.15028667,0.9998877
-77.19273,39.14693333,1.0123479
-77.19270667,39.04233667,1.0065836
-77.19268667,39.04064167,0.9995476
-77.19264667,39.04514333,1.0107967
-77.19262,39.14659667,1.0163139
-77.19256167,39.14636667,1.0164292
-77.19248167,39.14537,1.0137633
-77.192475,39.14547,1.0140817
-77.192455,39.15138667,1.0011454
-77.19241833,39.09250333,0.9921544
-77.192365,39.15210833,1.002004
-77.19233833,39.15224833,1.0053196
-77.19221167,39.153085,1.0072412
-77.19220167,39.06813333,0.9642779
-77.19214667,39.13614833,1.0126246
-77.19210833,39.16230333,1.015354
-77.19209333,39.16134667,1.0197372
-77.19192167,39.15887333,1.017977
-77.191895,39.158675,1.0178021
-77.19186,39.165065,1.0000632
-77.19185167,39.10107,1.0054846
-77.19184833,39.16530167,0.9995048
-77.19184333,39.02511167,0.97607034
-77.191815,39.15805167,1.0173965
-77.19170833,39.04608167,1.0193778
-77.191605,39.16703167,1.0018418
-77.19153667,39.11063833,1.0167438
-77.19147667,39.04635,1.0135741
-77.19136833,39.10076833,1.008466
-77.19131333,39.03521333,0.9852222
-77.19126833,39.06947,0.9672903
-77.19123167,39.13513,1.0092844
-77.19118667,39.189585,0.9848372
-77.19114667,39.05280167,0.97903985
-77.19107833,39.18948833,0.98439986
-77.191075,39.03364,0.990128
-77.191075,39.03405167,0.9857168
-77.19104,39.03349167,0.9921818
-77.19100833,39.07649,0.97840345
-77.19094333,39.03327333,0.9910705
-77.190905,39.02587833,0.9855031
-77.19084,39.02597333,0.98562
-77.19081,39.04716667,1.0154022
-77.19073833,39.09815,1.0089666
-77.190725,39.07016,0.95981926
-77.19069,39.03290667,0.99272805
-77.19055333,39.03268,0.9902371
-77.19052667,39.10478333,1.0004629
-77.19047167,39.098445,1.0032794
-77.19046667,39.04769333,1.0148535
-77.19045333,39.10506167,1.0003735
-77.19041833,39.18906833,0.98750985
-77.19029833,39.09864667,1.0046984
-77.19027167,39.18899167,0.9884541
-77.19026333,39.07586333,0.9705707
-77.19025833,39.07083167,0.95654655
-77.19022167,39.09871,1.0053569
-77.19013,39.07572667,0.9658603
-77.18996167,39.09908833,1.000576
-77.18984667,39.03538667,0.99351573
-77.18981167,39.17197,0.99504936
-77.18980833,39.02981333,0.9903261
-77.18979833,39.04852333,1.0221095
-77.18969667,39.03538167,0.9927153
-77.18968333,39.054065,0.9788211
-77.18968167,39.17236833,0.99645674
-77.18967,39.118065,1.0137951
-77.18963833,39.1725,0.9963766
-77.18954167,39.11845,1.0070032
-77.18953,39.17914833,0.99822724
-77.18951833,39.07211667,0.9625446
-77.18950833,39.02926833,0.9921324
-77.18950167,39.1186,1.0118241
-77.189485,39.17288333,0.99653524
-77.18948333,39.11867333,1.0120385
-77.189395,39.173135,0.9967342
-77.18935167,39.17339667,0.9968362
-77.18932833,39.119245,1.0196462
-77.1892,39.05440333,0.9773007
-77.18904667,39.04924667,1.0232788
-77.189035,39.10735,1.0076519
-77.188945,39.04935,1.0228953
-77.188935,39.18071333,0.99419445
-77.18884833,39.04946,1.0210153
-77.18851333,39.12028,1.0015079
-77.18847167,39.07425333,0.9627048
-77.18845167,39.07423167,0.9627048
-77.18844167,39.07419833,0.96278894
-77.188145,39.10716667,0.99912375
-77.18812333,39.035385,0.9918284
-77.18801,39.05039,1.0225873
-77.187945,39.107125,1.0030166
-77.18791833,39.18304333,0.9964108
-77.18779833,39.035385,0.9921209
-77.18779333,39.050335,1.0216765
-77.18772833,39.055395,0.9810574
-77.18771667,39.12017,1.0056092
-77.18765,39.05030667,1.0073094
-77.18745333,39.18486667,0.9976631
-77.187425,39.18501333,0.99622196
-77.18741167,39.18506333,0.9964905
-77.187375,39.06018667,0.98485965
-77.187355,39.05617667,0.9777947
-77.18734167,39.12012167,1.0173261
-77.18731833,39.06091333,0.98084426
-77.187315,39.05632167,0.97774076
-77.187265,39.18564167,0.9992114
-77.18724,39.12014833,1.0151209
-77.18723833,39.06129167,0.9837625
-77.18720667,39.05865833,0.9847111
-77.18718833,39.18596667,0.9986352
-77.187155,39.05850833,0.98567
-77.18714667,39.117585,1.0211914
-77.18710333,39.050085,1.0049317
-77.18704667,39.18664667,0.9965769
-77.187035,39.05808167,0.9864525
-77.18697667,39.05771833,0.9823969
-77.18697667,39.18777333,0.9974923
-77.18696167,39.18705167,0.99462175
-77.18660333,39.10498,0.98949134
-77.1866,39.10633333,0.99605757
-77.18659667,39.06225833,0.98915684
-77.186145,39.105305,0.9901999
-77.18597667,39.11752167,1.0356233
-77.18591333,39.12044833,1.0126711
-77.18587,39.10396833,0.9852025
-77.18564167,39.103895,0.98543096
-77.185455,39.049365,0.9990638
-77.18532167,39.06375333,0.99443346
-77.18512833,39.03514167,0.99320877
-77.18509,39.12042833,1.0144991
-77.18503333,39.063965,0.9932288
-77.18498667,39.12039667,1.0143766
-77.18484167,39.090535,0.97422725
-77.18481833,39.103355,0.98260957
-77.18478333,39.114205,1.0071402
-77.18467833,39.03561833,0.9942044
-77.18462167,39.09034833,0.97729075
-77.18448667,39.09144,0.9698332
-77.18431167,39.11638333,1.0061395
-77.184275,39.10292833,0.9822758
-77.18409667,39.12006333,1.0056849
-77.18405333,39.03560333,0.9961636
-77.18405,39.08872833,0.96977603
-77.18404667,39.08865833,0.96910554
-77.184015,39.09922333,0.9944402
-77.18401167,39.09662,0.9986622
-77.18396667,39.08824833,0.9688658
-77.183935,39.099655,0.98569703
-77.18383667,39.10257333,0.9848046
-77.18380333,39.098485,0.99623877
-77.183735,39.04846833,1.0030379
-77.18369667,39.06413,0.9871982
-77.18366833,39.10243667,0.98359025
-77.18364833,39.09964833,0.9892562
-77.183465,39.11734167,1.00193
-77.18342,39.11781167,1.0038868
-77.18328167,39.11799833,1.0035466
-77.18322333,39.11328167,1.0057209
-77.18319,39.03504333,0.9939005
-77.18313,39.117215,0.9991612
-77.183035,39.04780667,1.007781
-77.18284667,39.11187,1.0097603
-77.182755,39.117075,0.99975616
-77.18267833,39.10143167,0.9796422
-77.182555,39.119235,1.0009618
-77.18253,39.08792667,0.9675504
-77.18238333,39.11051333,1.0116885
-77.182355,39.06374167,0.98345697
-77.18210333,39.03430333,0.9939096
-77.18206333,39.08766333,0.96789247
-77.18194,39.04674,1.0007851
-77.18186167,39.06336833,0.9825813
-77.18183167,39.04663833,1.0008506
-77.181815,39.10913333,1.0122519
-77.18173167,39.04653667,0.99988705
-77.1817,39.034135,0.99163854
-77.181645,39.10861333,1.0073073
-77.18163667,39.10861333,1.0073073
-77.18148,39.10836,1.0014926
-77.18142167,39.04623333,0.99792516
-77.181395,39.03399833,0.992494
-77.18130167,39.0621,0.9913082
-77.18119,39.06244,0.9896839
-77.18109167,39.06289167,0.9791336
-77.18101,39.06283667,0.9874297
-77.18091333,39.11634833,0.9939037
-77.18088667,39.033775,0.9898911
-77.18088667,39.045655,0.99929607
-77.18044,39.04511167,0.99957013
-77.18034167,39.045015,0.9992778
-77.180325,39.03352833,0.99295783
-77.18018333,39.11605167,0.9926937
-77.18008,39.13918333,1.0014509
-77.17994667,39.03336667,0.996424
-77.17992167,39.04523833,0.996656
-77.17990167,39.10629667,0.9979036
-77.17978333,39.08793,0.95850843
-77.179455,39.03317167,0.9904273
-77.17936,39.05623167,0.9929098
-77.17935333,39.13822667,0.9924219
-77.17933,39.13973167,0.99967295
-77.17919667,39.11561167,1.0006968
-77.17914667,39.05611667,0.9833896
-77.17911833,39.10511333,1.0032039
-77.17903,39.0881,0.95705056
-77.17896833,39.05602333,0.9944959
-77.17889167,39.10479833,1.0035762
-77.17872333,39.04673167,0.99948376
-77.17869167,39.05588833,0.98839355
-77.17866667,39.088755,0.95231515
-77.17862167,39.13749833,0.98832613
-77.17853833,39.04821167,1.002749
-77.17853333,39.04828667,1.0033323
-77.17846833,39.048835,1.00327
-77.17821167,39.14117833,0.9995919
-77.17819333,39.049915,1.0068766
-77.17815,39.032745,0.98826236
-77.17804,39.05029167,1.005504
-77.178,39.10342,0.99505454
-77.177895,39.10324333,0.99822
-77.17789167,39.141535,0.9950232
-77.17789167,39.05952,0.98942345
-77.17789,39.03264333,0.987272
-77.17781833,39.03227833,0.9863323
-77.17780833,39.05566833,0.9857673
-77.17725667,39.05564333,0.98419124
-77.17719333,39.13626167,0.98872364
-77.17715333,39.08766,0.94742095
-77.17707333,39.087575,0.9429306
-77.17704667,39.10205833,0.98731303
-77.17692667,39.12230167,1.0086602
-77.176875,39.087285,0.9434742
-77.176805,39.14258333,0.9866106
-77.17659667,39.08679333,0.94102585
-77.17641833,39.08648833,0.946041
-77.17621333,39.05166667,1.0099777
-77.17618667,39.12381333,1.0097876
-77.17617833,39.12177667,1.0043452
-77.1761,39.051725,1.0107083
-77.17597333,39.05570833,0.9850897
-77.17593167,39.0309,0.98209244
-77.17585833,39.11513667,0.9985306
-77.17582667,39.05571333,0.9841088
-77.17582333,39.12416333,1.0099891
-77.17541667,39.12460333,1.0029672
-77.17540333,39.11244167,1.0026805
-77.17537,39.13319667,0.9882789
-77.17523333,39.11192,0.99120843
-77.17522,39.13483167,1.0016254
-77.17521667,39.08531667,0.95055175
-77.17520833,39.132495,0.9957371
-77.17518167,39.13230167,1.0089169
-77.17516667,39.11254167,0.9866263
-77.17514833,39.1321,1.0084708
-77.17512667,39.13199667,1.0078496
-77.17511833,39.11167167,0.99107385
-77.17510667,39.11576333,1.006596
-77.17504833,39.13169833,1.0008187
-77.17503,39.11149833,0.99076754
-77.17499333,39.13149833,0.99449486
-77.17498333,39.08350833,0.9692162
-77.17486667,39.111225,0.98946774
-77.174805,39.12089833,0.99841326
-77.17479667,39.084045,0.96836436
-77.17477833,39.14340667,0.96994895
-77.17477,39.13522667,0.9993021
-77.17476667,39.12530833,1.002155
-77.17469167,39.110905,0.9867543
-77.17469,39.05241833,1.0060917
-77.17449833,39.110705,0.9880422
-77.17449167,39.08467,0.96784216
-77.17438667,39.08212833,0.968008
-77.17437,39.12928833,1.0000871
-77.17437,39.11580167,1.0009421
-77.17434667,39.14352,0.96660894
-77.17430667,39.082075,0.9676218
-77.174285,39.12891667,1.0007238
-77.17424,39.12867167,1.0035211
-77.17400833,39.14361333,0.96703
-77.17399,39.15093333,0.9979412
-77.17398833,39.12050167,0.9989952
-77.17385,39.120435,0.9989907
-77.173645,39.11328333,0.98571444
-77.17356,39.15131333,0.99211466
-77.17346333,39.115165,0.9986808
-77.17323667,39.11354833,0.9824879
-77.17319167,39.11498667,0.9988751
-77.17307833,39.03046833,0.979345
-77.17304167,39.15166333,0.99557227
-77.173005,39.11371,0.98529756
-77.173,39.030465,0.97919565
-77.17281833,39.03045167,0.9839267
-77.17271833,39.08160333,0.9583095
-77.17255167,39.11406167,0.99129266
-77.172435,39.11416167,0.9803302
-77.1721,39.11945167,1.007142
-77.17208667,39.08111333,0.9532034
-77.17203333,39.08104333,0.9539022
-77.17198667,39.11185333,0.9896212
-77.17184,39.14515667,0.986579
-77.17176833,39.03060667,0.9829009
-77.17163167,39.11222,0.98777235
-77.17162833,39.105205,0.9912536
-77.17148167,39.03065667,0.9859539
-77.17137167,39.07951333,0.96133053
-77.17137167,39.07959833,0.9614507
-77.17094,39.07867167,0.95241624
-77.17077833,39.03080833,0.99083537
-77.17063833,39.03083833,0.990813
-77.17058167,39.14853833,0.9892998
-77.17041667,39.07796833,0.9535803
-77.17022167,39.07773667,0.953602
-77.17020333,39.05294833,1.0060265
-77.16991333,39.0775,0.9583826
-77.16987833,39.05620667,0.9929871
-77.16982833,39.031035,0.99081117
-77.169755,39.077405,0.9598049
-77.16973333,39.052945,1.004904
-77.16961333,39.10622167,0.9822036
-77.16959333,39.147105,0.98959374
-77.16951833,39.07525833,0.97225463
-77.16935167,39.07021,0.9708951
-77.16934,39.07716333,0.9688284
-77.16931333,39.069355,0.97099835
-77.169195,39.10639333,0.98263764
-77.16909833,39.07670167,0.9670428
-77.16907333,39.03102333,0.9897313
-77.16905167,39.10644,0.9833844
-77.16900667,39.02739333,1.0006771
-77.168965,39.07310833,0.9882922
-77.16896167,39.06901167,0.98143023
-77.168865,39.073215,0.9793362
-77.16866667,39.11398667,0.99415976
-77.16854167,39.07410333,0.97324806
-77.168505,39.02861167,1.0033729
-77.168445,39.11788333,0.98033804
-77.168435,39.07398333,0.9754536
-77.168385,39.073635,0.9760244
-77.16830167,39.02990167,1.0006568
-77.16826,39.02352167,0.993424
-77.16811,39.02965,1.0014434
-77.16807333,39.02307,0.9923752
-77.16804667,39.09513667,0.9868509
-77.16803833,39.09528833,0.9859067
-77.16787667,39.11424833,0.9914603
-77.16784167,39.07203667,0.97850573
-77.16784167,39.029105,1.0056095
-77.16780667,39.05610333,0.97650105
-77.16777333,39.11429333,0.9901696
-77.16773167,39.095805,0.9878115
-77.16750667,39.09613667,0.99308574
-77.16749667,39.12847333,1.0114594
-77.167475,39.09487167,0.979476
-77.167425,39.08811167,0.9950531
-77.16741667,39.07136,0.9790059
-77.16738667,39.08784833,0.99211097
-77.16736,39.08820167,0.9953471
-77.16720167,39.12790167,1.0003953
-77.16717167,39.04643833,0.98985565
-77.167145,39.12781833,0.9941385
-77.16714,39.05559667,0.9889785
-77.16708167,39.12773667,0.9927067
-77.16707667,39.09673,0.9926204
-77.16706667,39.04644,0.99156374
-77.16698333,39.10687,0.9767649
-77.16695667,39.15557,0.98820937
-77.16692,39.04516167,0.99020684
-77.16688167,39.12901833,1.019651
-77.16684833,39.10719,0.9674969
-77.166825,39.052715,1.0022383
-77.16680667,39.089295,0.98892057
-77.16676667,39.15567167,0.98936284
-77.16670833,39.08962667,0.98878133
-77.16670333,39.08788333,0.9991884
-77.16651167,39.15577667,0.9919102
-77.16650333,39.04488167,0.9896155
-77.16646833,39.09768667,1.0006577
-77.16644167,39.11785167,0.9854462
-77.16633667,39.09789833,1.0015037
-77.16632333,39.044885,0.9888331
-77.16627167,39.11782167,0.9867499
-77.16623833,39.12917833,1.021291
-77.16614167,39.046615,1.0021654
-77.16609333,39.06715,0.9882204
-77.16609167,39.05559167,0.9912814
-77.166025,39.11579333,0.9916193
-77.16595,39.09455667,0.9931866
-77.16593,39.126245,1.0015965
-77.16582,39.10791833,0.9717517
-77.165785,39.09097333,0.9932295
-77.16573,39.12596667,0.99683565
-77.16572,39.107895,0.97487444
-77.16557333,39.098725,1.006968
-77.16552333,39.04492667,0.9852176
-77.16531167,39.11649833,0.99975926
-77.165265,39.11751167,1.0033375
-77.16515833,39.04459,0.9861653
-77.16515333,39.09453833,0.99578923
-77.16508667,39.11670667,0.9976242
-77.16502,39.117375,0.9992338
-77.16498667,39.12496167,0.9894102
-77.16488167,39.09452333,0.9968525
-77.16468167,39.06658667,0.9883182
-77.164665,39.10749,0.97072196
-77.164665,39.12958833,1.0091897
-77.16465667,39.099225,1.0019993
-77.16465167,39.04401,0.98620516
-77.16462167,39.09924167,1.0019993
-77.16455333,39.04176667,0.998573
-77.16444833,39.042555,0.99266046
-77.16439167,39.04370833,0.9858066
-77.164375,39.09131,0.98993474
-77.16437333,39.04152833,0.99852586
-77.16432,39.054345,0.986319
-77.16427333,39.10772333,0.9616378
-77.16412833,39.042745,0.98945236
-77.16407167,39.09448167,0.9957199
-77.16388667,39.05396167,0.9912252
-77.16387833,39.10801333,0.9592507
-77.16384167,39.050315,1.0019044
-77.16381667,39.05393,0.9909363
-77.16376,39.12983833,1.0052648
-77.16359333,39.087445,0.9996623
-77.16357667,39.02298667,0.97559935
-77.163445,39.1119,0.9894142
-77.16340167,39.047295,0.9949956
-77.16333333,39.08739833,0.9982066
-77.163325,39.123955,0.9942374
-77.16329,39.04733333,0.99453956
-77.16325833,39.10852,0.9570677
-77.16324833,39.08738333,0.9982066
-77.16319333,39.130035,1.0194036
-77.16318167,39.09439333,0.9876449
-77.16317167,39.11140167,0.98544323
-77.16313,39.02303167,0.9760457
-77.162935,39.11092333,0.9851067
-77.16291667,39.11089333,0.9851067
-77.16287333,39.110815,0.98191375
-77.16275,39.07678667,0.9976384
-77.162715,39.07631667,1.0020369
-77.16267667,39.06669167,1.000775
-77.162665,39.07696667,0.9964059
-77.162655,39.04852333,1.0019355
-77.16258833,39.10947333,0.96949166
-77.16242667,39.02265333,0.97650117
-77.16241167,39.02253667,0.9750131
-77.16224833,39.05561167,1.0026255
-77.162245,39.06683667,1.0007879
-77.16219333,39.04133167,0.9938638
-77.16217333,39.10339,1.001954
-77.16214,39.10064833,1.0028832
-77.16211333,39.05583167,1.0020505
-77.16208667,39.10431833,1.0057864
-77.16207833,39.10072,1.0029325
-77.16206667,39.11236167,0.98733
-77.162045,39.10276,0.99496806
-77.16191167,39.09208167,0.9848527
-77.16178833,39.092585,0.98578095
-77.16177333,39.10107833,1.0031525
-77.16175833,39.09351833,0.98891336
-77.161745,39.10433333,1.0028921
-77.16171667,39.09287167,0.9864907
-77.16168833,39.09348167,0.989378
-77.16152667,39.07943333,0.9967977
-77.16151833,39.066845,0.9981886
-77.16148167,39.07953167,0.99672586
-77.16147833,39.041145,0.99379903
-77.16144167,39.11269833,0.9794288
-77.16144,39.14914833,0.97564536
-77.161435,39.06673667,0.99842834
-77.161375,39.14935,0.97883
-77.161365,39.05862167,1.0119178
-77.16134667,39.06644833,0.9969806
-77.16133,39.05833833,1.0110124
-77.16132833,39.12331,0.9890139
-77.16132333,39.05729167,1.0150474
-77.16126833,39.05783667,1.0046173
-77.16123167,39.05998,1.0049231
-77.16117667,39.112995,0.9832998
-77.16110667,39.14973833,0.9751919
-77.16103667,39.065655,1.0010915
-77.16102167,39.14782833,0.9768377
-77.16094833,38.99204667,1.0064532
-77.16091833,39.11328667,0.98040235
-77.16083167,39.14992667,0.9768413
-77.160815,39.08702833,0.9964457
-77.160815,39.061475,1.0020783
-77.16071167,39.15857333,0.9973
-77.16067167,39.06277667,0.995336
-77.16064667,38.99672667,0.99458665
-77.16064333,39.13159333,1.0046738
-77.16063,39.08112833,1.0023108
-77.16062167,38.99757,0.9971361
-77.16062,38.99565333,0.9928037
-77.16058167,38.99606333,0.99491507
-77.16051833,39.11372,0.9774438
-77.160475,39.12256,0.985553
-77.16038167,39.01495833,0.9875558
-77.16036667,39.14713,0.9771794
-77.16035333,39.15020667,0.9827913
-77.16031667,38.998785,0.9913232
-77.16031333,39.08696833,0.99789107
-77.160265,39.15880833,0.9895576
-77.16020333,39.08162833,1.0043812
-77.16019833,38.99166333,1.0033649
-77.16017333,39.01207667,0.99081284
-77.160015,39.01073167,0.99175245
-77.16001167,39.08184833,1.0013026
-77.16000167,39.13218833,0.99917984
-77.15996167,39.12200167,0.98155844
-77.15991833,39.00953167,0.9868419
-77.15982667,39.11448333,0.96761644
-77.159735,39.006745,0.98913765
-77.15973,39.08214333,1.0003376
-77.159715,39.00651167,0.99032855
-77.15968333,39.04088167,0.99966514
-77.15962333,39.14616333,0.976756
-77.15962333,39.00524833,0.99111617
-77.15960167,39.14611167,0.9789977
-77.15956333,39.10381167,0.99812007
-77.15953333,39.12154667,0.9838307
-77.159385,39.13277833,0.99827194
-77.15937833,39.145565,0.9786392
-77.15928833,38.991335,0.9994873
-77.15919333,38.99130667,0.99984086
-77.15917333,38.9913,0.99984086
-77.15895833,39.14354167,0.9787594
-77.15893833,39.15141667,0.98375773
-77.15887667,39.103025,0.9979005
-77.15877,39.102895,0.99727654
-77.15875833,39.08278833,1.0005019
-77.15875333,39.04068,0.9945974
-77.15874167,39.14438667,0.98269236
-77.158705,38.99118667,0.99743503
-77.15857667,39.15743833,0.99012804
-77.15850167,39.14406167,0.984383
-77.158435,39.04055167,0.99041784
-77.15833,39.08300333,1.0033375
-77.15828,38.99113333,0.99421006
-77.15815,39.11483833,0.9729109
-77.15813,39.15718667,0.99911696
-77.15812167,39.10594333,1.007821
-77.15808167,39.04041667,0.99615645
-77.15782,39.14278167,0.9833417
-77.157755,39.078125,0.9957987
-77.157755,39.105455,1.0067995
-77.15753333,39.15116333,0.9863363
-77.15751167,39.13451667,1.0037045
-77.15747667,39.083445,1.0038115
-77.157405,38.991045,0.9954595
-77.15722333,38.99102667,0.99685585
-77.15717167,39.11995833,0.9853617
-77.1571,39.11487667,0.9728919
-77.15709333,39.11491667,0.9734314
-77.15708167,39.13492667,1.0059894
-77.157045,39.118075,0.9852567
-77.15704,38.99101333,0.99696434
-77.15698167,39.08678667,0.99332947
-77.15674833,39.10309167,1.0010082
-77.15670333,39.15633167,0.9832444
-77.15660833,39.15624333,0.9832934
-77.15660667,39.14240333,0.9774169
-77.15641667,39.10660167,1.0047437
-77.15641167,39.03952167,0.9833858
-77.15621167,39.15589333,0.98326755
-77.15616833,39.10348167,1.0044823
-77.15615833,39.10344667,1.0044823
-77.156155,39.03930667,0.98361313
-77.156105,39.07883333,0.9926531
-77.15599167,39.08316167,1.0077487
-77.155965,39.07889833,0.9926301
-77.15583333,39.14216833,0.9740369
-77.15572833,39.15548167,0.99046224
-77.15570333,39.07903333,0.99034697
-77.155585,39.06405667,1.0009491
-77.15552333,39.08675833,0.99621284
-77.15542,39.06216167,1.0201089
-77.155385,39.06204,1.0204068
-77.15523167,39.13670167,1.0129181
-77.15517333,39.06128,1.0164293
-77.15512833,39.13679833,1.0123117
-77.15509167,39.06101167,1.0161283
-77.15494,39.10657833,1.0075034
-77.15491333,39.13699167,1.0108585
-77.15485,39.03801333,0.9797417
-77.15478167,39.079505,1.0011564
-77.15476,39.154675,0.99398714
-77.154615,39.150205,0.98668087
-77.15460833,38.990615,1.0113509
-77.15455667,39.079615,1.0009904
-77.15452167,39.13738,1.0044923
-77.15433333,39.15424333,0.99371487
-77.154315,39.03752,0.9706528
-77.154315,39.07972,1.0005503
-77.15416,39.08675833,0.9969152
-77.15396333,39.14971167,0.99450195
-77.1538,39.14960667,0.99546385
-77.153785,39.14152833,0.979171
-77.15373833,39.08676333,0.9945632
-77.15373333,38.99039333,1.0077101
-77.15372667,39.14957,0.9939921
-77.153595,39.15356833,0.9938017
-77.15355,39.08006167,0.9990867
-77.15353333,39.05909,1.0123487
-77.15342833,39.14941333,0.9955116
-77.153415,39.15342667,0.996161
-77.15337,39.08677667,0.9944254
-77.15335667,39.14139167,0.9862649
-77.153095,39.15322833,0.99750835
-77.15294667,39.066795,1.0083102
-77.152845,39.07590667,1.0056908
-77.15270833,39.03677333,0.96831733
-77.152645,39.13983833,0.9915626
-77.152645,38.99019833,1.0050526
-77.15261833,39.14114833,0.98851126
-77.15257833,39.05869333,1.008363
-77.15243167,39.08690167,1.0002813
-77.15234167,39.14041333,0.9953594
-77.152325,39.10655167,1.0174289
-77.152245,39.05853833,1.0043185
-77.15216333,39.15277667,0.99604845
-77.152035,39.15270333,0.9960572
-77.15198167,39.08685,1.0057566
-77.15194167,39.08320167,1.0065659
-77.151815,39.06676333,1.0058129
-77.15180333,39.07769833,1.0033439
-77.15178667,39.058185,1.0048189
-77.15172333,39.03668667,0.9694755
-77.1517,39.077885,1.0027603
-77.15158333,39.07810333,1.0035936
-77.15151,39.078225,1.003072
-77.15126833,39.106535,1.0222855
-77.15121,39.086875,1.0155789
-77.151135,39.08105667,0.9962538
-77.15112833,38.99218333,0.99842244
-77.15107667,39.07466333,0.99034864
-77.15105833,39.05750833,0.9989481
-77.151035,39.07902333,1.0013702
-77.15103167,39.07425833,0.99052
-77.151025,39.07441667,0.99081427
-77.151015,39.07343667,0.9906172
-77.150645,39.05713833,0.9955611
-77.150545,39.05704667,0.99633044
-77.1505,39.08721667,1.0058599
-77.15047333,39.09403167,0.9924152
-77.15042,39.08010333,0.9961591
-77.15039667,39.09380333,0.9931048
-77.15031667,39.08074667,0.99663293
-77.15026333,39.080395,0.99813765
-77.15025333,39.10655667,1.020276
-77.15025,39.08072,0.99645734
-77.15019167,39.082505,1.0098621
-77.15015667,39.09319667,0.9931241
-77.15011,39.03675,0.9821808
-77.15001333,39.10655833,1.0226703
-77.15001167,39.09283833,0.9939565
-77.14998333,38.99366667,0.99126095
-77.14990167,39.10655833,1.0238109
-77.14986333,38.99382833,0.9882116
-77.14985167,39.08680167,1.0179517
-77.14978,39.09225833,0.99305624
-77.14968333,39.09201167,0.99325174
-77.149645,39.08656333,1.0219736
-77.14960333,39.09463,0.98995656
-77.14960167,39.10656667,1.0210084
-77.14954,39.05601167,1.004493
-77.14951,39.08641167,1.0223197
-77.14948167,39.09151833,0.99425405
-77.149475,39.09465333,0.9907777
-77.14937833,38.99458333,0.98470086
-77.14920167,39.02465833,1.0044045
-77.14919667,39.05551333,1.0166627
-77.14909167,39.05549167,1.0165516
-77.149085,39.09055833,0.9960125
-77.14905667,39.08200833,1.0079525
-77.149005,39.07150667,0.9955802
-77.14898833,39.08577333,1.0159814
-77.148975,39.05547167,1.0168715
-77.14893333,38.99526167,0.99640465
-77.14888167,39.07149667,0.9960012
-77.14882,38.99538833,0.99537385
-77.14874,39.09476167,0.9894182
-77.14873667,39.06806667,1.0105013
-77.148715,39.08965,0.9992936
-77.14867667,39.08954833,0.999812
-77.14847,39.08905333,1.0023795
-77.14847,39.02573,1.0103819
-77.14828833,39.07149,0.9969064
-77.14827,39.08516667,1.022473
-77.14823833,39.08849667,1.00337
-77.14817333,39.07149167,1.0003277
-77.14804667,39.08162167,1.0083091
-77.14789667,39.08157167,1.0060987
-77.14789,39.02642333,1.0072837
-77.14779333,39.02654167,1.0025935
-77.147735,39.09489333,0.98804384
-77.1477,39.08718333,1.0132114
-77.147635,39.08699667,1.0130777
-77.14757167,39.05522667,1.0184233
-77.14752,39.026965,1.0061259
-77.14739167,39.08522167,1.0169142
-77.14734167,39.08146667,1.0091786
-77.14731167,39.08524,1.016727
-77.14727167,39.03014333,1.0111965
-77.14723167,39.02222167,1.0210458
-77.14718,39.02944833,1.008523
-77.14706667,39.08527833,1.0109465
-77.14704,39.06887,1.0119424
-77.14696333,39.07136667,1.0031165
-77.14694667,39.03248167,1.0050465
-77.14671833,39.06895167,1.0120809
-77.14662833,39.02210667,1.0271136
-77.14641667,38.99845167,0.9768463
-77.14638833,38.998485,0.97692263
-77.14620833,38.998715,0.9781241
-77.14614667,39.09483833,0.9871948
-77.14571167,38.99928,0.98296654
-77.14569333,39.069155,1.0111339
-77.14569333,39.021955,1.0197576
-77.14565167,39.09481,0.9876611
-77.14564833,39.07115,1.0044277
-77.14546833,39.09479167,0.9876138
-77.14542833,39.07116667,1.0033399
-77.14502667,39.09479,0.9858017
-77.14492833,39.07119667,1.0064683
-77.14472667,39.00047333,0.98015165
-77.14448333,39.00079833,0.977803
-77.14440167,39.000925,0.9769673
-77.144215,39.07124333,1.0142891
-77.14404167,39.09481,0.9884911
-77.143835,39.093995,0.9859604
-77.14376333,39.09366333,0.98657596
-77.14353,39.069595,1.0106243
-77.14304,39.069705,1.009068
-77.14291833,39.02178,1.0113343
-77.14289333,39.00265,0.97084534
-77.14262,39.103595,1.002618
-77.14257167,39.02175667,1.0094109
-77.14253667,39.10347833,1.0030993
-77.14233333,39.09371333,0.99322754
-77.14222833,39.071355,1.0173084
-77.14218833,39.069875,1.0142893
-77.141675,39.07000667,1.0110689
-77.14166333,39.10221167,1.0093077
-77.14158,39.102095,1.0097499
-77.14151333,39.07005833,1.0110278
-77.14146833,39.021665,1.0080359
-77.14141,39.08062667,1.0173589
-77.14111167,39.009155,0.960889
-77.14111167,39.01062167,0.9798506
-77.14092833,39.004945,0.97236097
-77.14092,39.07032833,1.0108588
-77.14085,39.00882667,0.95783037
-77.14081167,39.071415,1.0132555
-77.14077667,39.00878833,0.95758337
-77.14077333,39.08049167,1.0221266
-77.14057667,39.008655,0.9573688
-77.14041667,39.09366333,0.99120706
-77.14030833,39.09364167,0.991556
-77.14030333,39.10061667,1.015791
-77.14025333,39.00563,0.9805658
-77.140035,39.021645,1.0116285
-77.13982333,39.00613667,0.9793631
-77.13980833,39.010875,0.9815911
-77.13955,39.02163333,1.0145344
-77.13942667,39.00814333,0.96365386
-77.13938333,39.02162833,1.0149009
-77.13937833,39.099875,1.0157708
-77.13929333,39.00680333,0.97571707
-77.13904167,39.021615,1.0172448
-77.13900167,39.00713,0.97494906
-77.138995,39.08011,1.0172315
-77.138675,39.0108,0.9788613
-77.138615,39.007535,0.9736967
-77.138545,39.007605,0.969974
-77.13811333,39.01064333,0.97964066
-77.13806333,39.09395333,0.996713
-77.138045,39.05391833,1.0258737
-77.1378,39.010545,0.97969425
-77.13760167,39.09409833,0.9946134
-77.13742167,39.01045,0.980941
-77.13737,39.08182167,1.0168713
-77.13725333,39.08213833,1.0132971
-77.13723333,39.09834833,1.0177745
-77.13705167,39.09381833,0.99642265
-77.13700333,39.082795,1.02165
-77.13687833,39.08312167,1.0252942
-77.13672,39.083565,1.0304189
-77.1362,39.101605,0.9949145
-77.136155,39.10065333,0.9959807
-77.136,39.05326,1.0362861
-77.13568667,39.10297333,0.9976368
-77.13548667,39.09346333,1.0025681
-77.13496167,39.02196667,1.0064178
-77.13488833,39.02192,1.0060002
-77.13476167,39.09347333,1.0063347
-77.13474333,38.99004333,1.0045031
-77.13466333,39.02135833,1.0057089
-77.13461667,39.02110333,1.0023898
-77.13457167,39.09348667,1.0043554
-77.13453333,38.98943167,1.0059228
-77.13448667,39.08440667,1.0165983
-77.13447167,38.989295,1.0017878
-77.13447,39.10397333,0.99490434
-77.13433167,38.98892167,0.9987808
-77.13426667,38.98875,0.9976502
-77.13419,39.01030833,0.9795058
-77.13411833,38.99032167,0.998292
-77.13401,39.04304,0.98498505
-77.13398667,39.043245,0.9860369
-77.13393667,39.04365,0.9932363
-77.13385,39.044185,0.986796
-77.13384,39.04161667,0.9804515
-77.13383667,39.09363167,1.0044357
-77.13381167,39.01027,0.97980917
-77.133755,39.08429333,1.0135349
-77.13365167,39.04107333,0.97559935
-77.13363,39.04509,0.9848307
-77.133605,39.01877833,1.0068346
-77.133575,39.05339,1.0208727
-77.13356167,39.04086667,0.97813773
-77.13349667,38.99136667,1.0016848
-77.133465,39.04070833,0.97990316
-77.13344667,39.10445,0.98640484
-77.13342667,39.01858667,1.0061892
-77.13327833,39.01084833,0.99444175
-77.13325833,39.040565,0.9768397
-77.13321333,39.01258667,0.992289
-77.13321,39.012685,0.992346
-77.13320833,39.0129,0.9928861
-77.13320167,39.01390167,0.9912252
-77.13314,39.016065,0.9961298
-77.13310667,39.01643667,0.9984462
-77.13306833,39.01769667,0.99969125
-77.13301333,39.046065,0.9939385
-77.13300833,38.98784333,0.994324
-77.13297,39.05333167,1.0246074
-77.13295333,39.10462333,0.9825655
-77.13292833,39.04054833,0.9809902
-77.13276,38.98769333,0.9946571
-77.13271,38.99207667,1.0089872
-77.13249333,39.10491833,0.9923139
-77.13247167,39.04648833,0.98953134
-77.13237333,39.105005,0.9920824
-77.13233833,38.98718333,0.99770904
-77.13233167,39.03718667,0.98492676
-77.13229333,39.03751167,0.9861269
-77.132285,39.03765167,0.98165584
-77.13223333,39.05325333,1.0292627
-77.13218667,39.03908833,0.9875167
-77.13216333,39.03927833,0.97993606
-77.13203333,39.09350833,1.0038875
-77.131815,39.04038167,0.98214144
-77.13176833,38.99291667,1.013145
-77.13164333,39.09297167,1.0039879
-77.13159833,38.99306667,1.0139557
-77.13158167,39.08391667,1.0133585
-77.13146833,39.10575167,0.9779529
-77.13137,38.993285,1.0162771
-77.13133333,38.98715667,1.0036434
-77.13103,39.03592,0.98772866
-77.13101333,39.09203167,1.0051396
-77.13093333,39.09192833,1.0057003
-77.13091667,39.05312333,1.0297751
-77.13081667,38.98729833,1.0041046
-77.1308,39.04609833,0.9864563
-77.13055333,39.04603,0.99005073
-77.13040333,38.99411833,1.0143231
-77.13039167,39.09132667,1.0040905
-77.13030333,39.09123667,1.0023019
-77.13023667,38.994265,1.0147972
-77.130115,38.99437667,1.0157185
-77.13000167,38.994485,1.0227138
-77.12985167,39.09086,1.0009024
-77.129805,38.98757833,1.010309
-77.12977,39.04557833,0.9834813
-77.12954167,39.05295667,1.0261511
-77.129295,39.04369833,0.9939937
-77.12915667,39.04362333,0.99079096
-77.12905667,38.98775833,1.0071993
-77.12905,38.99594667,1.0182079
-77.12903333,38.99603,1.0183856
-77.12841833,38.99631667,1.018415
-77.128375,39.06277333,1.0140216
-77.12825667,39.06137,1.017626
-77.12812,39.05281833,1.0322975
-77.128065,38.996185,1.0179193
-77.12783833,39.05280667,1.0319299
-77.12778833,38.98807667,1.0020049
-77.12773167,39.060715,1.0161588
-77.12762,39.05279,1.0276334
-77.12754833,39.035185,0.9965411
-77.12749333,39.04407833,0.9898676
-77.127475,38.98789833,0.99757946
-77.127455,38.98688333,1.0082651
-77.12739,39.04409667,0.99007076
-77.12738667,39.06343,1.0132133
-77.12737667,39.052765,1.0307134
-77.127355,39.06023333,1.0143814
-77.12721333,38.98634833,1.0094527
-77.12720167,39.03511833,0.9962987
-77.12717833,39.04412667,0.99026805
-77.12715667,39.084235,1.0029242
-77.12688333,39.084115,0.9997677
-77.12688,39.106455,0.9621716
-77.126795,39.05270833,1.0326635
-77.12670667,39.05270167,1.0326242
-77.12668333,39.02948833,1.0067556
-77.12650833,39.10630333,0.95934814
-77.12647833,39.028495,1.0116683
-77.12643167,39.058915,1.025225
-77.12641,39.02796167,1.0091797
-77.126395,39.02782333,1.0095097
-77.126395,39.05872167,1.0295414
-77.12637667,39.034935,0.9968688
-77.12631833,39.02700333,1.0088315
-77.12626833,39.06412833,1.0270064
-77.126215,39.05692,1.0247009
-77.12620833,39.06412167,1.0291967
-77.12616,39.02620667,1.0114857
-77.12614833,39.05630833,1.0278198
-77.12607833,39.05572833,1.027249
-77.12603333,39.08373167,0.9972737
-77.126,39.05452333,1.0223699
-77.12599833,39.05419,1.0232587
-77.12598,39.06392167,1.0336566
-77.12597,38.98233333,1.0121291
-77.12594667,38.98221833,1.0122019
-77.12574167,38.98124667,1.0079299
-77.12571667,39.02531333,1.0129616
-77.12555667,39.03466833,0.9988568
-77.12546167,39.08362167,1.0000323
-77.12524,39.03429667,1.0010579
-77.125205,39.02458667,1.014827
-77.12515167,38.98025833,1.0071863
-77.12503167,39.09190167,0.9959927
-77.12485,39.02410667,1.015128
-77.12453167,38.979175,1.0093898
-77.12435833,39.00332167,0.99736273
-77.124235,39.08349667,0.99932414
-77.12421333,39.00314167,0.9977909
-77.12414833,39.06184,1.027709
-77.12413167,39.00461667,0.99432003
-77.12403333,39.08347333,0.9950247
-77.12386667,39.092385,0.9984323
-77.12378833,38.97422333,1.0168917
-77.123705,38.99476833,1.0121993
-77.12370167,39.02264833,1.0071744
-77.12360833,39.00947833,1.0031952
-77.123495,39.00684,0.99317735
-77.12344333,39.005665,0.9890102
-77.12342833,39.00537833,0.98996985
-77.12341667,39.00507333,0.99111414
-77.12337667,39.009705,1.0013255
-77.12335667,39.00278333,0.9997781
-77.12334,39.09258833,0.99951416
-77.123285,39.002125,1.0008509
-77.12305,38.97376667,1.0079583
-77.12277,39.02288167,1.0054752
-77.12272167,39.00118167,0.99678487
-77.12259167,38.99396333,1.0133675
-77.12248167,38.99388,1.0154986
-77.12242167,39.04467,1.0047064
-77.122345,39.06669667,1.0189109
-77.12226833,39.06518833,1.0187465
-77.12226667,39.02348167,0.9972665
-77.12226667,38.99372167,1.0159127
-77.12223333,39.02353167,0.9972665
-77.12223,39.06516167,1.0187465
-77.12217,39.08304833,1.0060384
-77.12215333,39.02364667,0.9967129
-77.12210667,39.02370833,0.996445
-77.12201667,39.00111,0.9946189
-77.121925,39.04468333,1.0033042
-77.12187333,39.064925,1.0173595
-77.121805,39.111425,0.9771658
-77.12180333,39.11199333,0.9764717
-77.121795,39.11086333,0.9766858
-77.121745,39.13459167,0.9917231
-77.12173667,39.00108,0.99425715
-77.12172333,39.00998,1.0043887
-77.12171667,39.08298333,1.0086654
-77.12167,39.13284167,0.995458
-77.12165667,39.114095,0.97562194
-77.12153333,39.04471167,1.0043515
-77.121495,39.082995,1.0092804
-77.12135833,39.11542833,0.9712652
-77.12134333,39.13504667,0.99069446
-77.12134,39.13248333,0.99283373
-77.12131667,39.06682667,1.0164356
-77.12127833,39.04472667,1.0059791
-77.12123667,39.01922833,1.0122617
-77.12117833,39.11573,0.9703374
-77.121175,39.01912,1.0139269
-77.12111833,39.06684833,1.0174944
-77.12104667,39.04473333,1.0063422
-77.12101333,39.06386167,1.0227851
-77.12094333,39.08310167,1.0103685
-77.12093,39.01973167,1.0025022
-77.12082,39.01973167,1.0021638
-77.120795,39.13191167,0.9896315
-77.12068,39.05787333,1.0249382
-77.12066,38.97214167,1.0269293
-77.12064667,39.044835,1.0159478
-77.120615,39.08322333,1.0127963
-77.12044,39.06388167,1.0211407
-77.12043667,39.00098333,0.9950387
-77.12038167,39.04528,1.0066601
-77.12030667,39.06397167,1.0211452
-77.12022,39.13128833,0.9850911
-77.12022,39.08341833,1.0077351
-77.12010167,39.13746167,0.9920964
-77.12008333,39.117745,0.9687151
-77.12002667,39.13759667,0.99270463
-77.12,39.11789167,0.97038704
-77.11990167,39.01682667,1.0139295
-77.11981833,39.00101833,0.99890393
-77.11981667,39.0466,1.0137563
-77.119805,39.02496833,1.0062764
-77.119765,39.04669833,1.0092005
-77.11976,39.13814167,0.99621385
-77.11971,38.97146333,1.0309124
-77.11968167,39.05672167,1.0225879
-77.11957833,39.08308,1.021204
-77.11957167,38.99327333,1.0089803
-77.11955167,39.083045,1.021204
-77.11946833,39.05649667,1.0417025
-77.119435,39.14325833,0.9921397
-77.11938,39.06716,1.014192
-77.11935167,39.14353333,0.9944676
-77.11932,39.06459,1.0122846
-77.119265,39.14379833,0.9960536
-77.11925167,39.05630667,1.0380816
-77.11918833,39.015515,1.0082808
-77.11918833,39.06719167,1.0124373
-77.11914,38.97115167,1.0326732
-77.11912333,39.119325,0.97266096
-77.11910167,39.0563,1.0351105
-77.11908667,39.130045,0.9764859
-77.11904833,39.08321,1.0178552
-77.11889,39.01502167,1.011167
-77.11879,39.02539667,1.00455
-77.11874833,39.02221,1.0024626
-77.11868167,39.06732833,1.0213659
-77.11866833,39.02173833,1.0026547
-77.11863333,39.02127833,0.9979968
-77.118555,39.02029333,0.99577224
-77.11852,39.02277167,0.999305
-77.11851833,39.01986667,0.9962056
-77.118335,39.02294833,0.9964352
-77.118305,39.14551833,0.9945465
-77.11820667,39.02305667,0.99739057
-77.11819833,39.04894,1.0064315
-77.11809167,39.023155,1.0006076
-77.11808333,39.08406833,1.0199612
-77.11806,39.12916667,0.9768893
-77.11801333,39.011385,1.017935
-77.11783,38.99299,1.0083265
-77.11781667,39.023405,1.0028967
-77.11775833,39.04903833,1.0132262
-77.11773667,38.970715,1.0316637
-77.117675,39.12891,0.98234284
-77.11765,39.023995,1.0002441
-77.11761667,39.024155,1.0014644
-77.11759,38.99296833,1.0089154
-77.11753833,39.02431333,1.0023999
-77.1175,39.01317,1.013247
-77.11722833,39.01152833,1.020305
-77.11722,39.08417167,1.0281746
-77.11714333,39.02494833,1.0028791
-77.11710667,39.02524,0.9998856
-77.117105,38.992895,1.0090375
-77.11708833,39.064055,1.0065924
-77.11708333,39.01264667,1.0168641
-77.117045,39.06923,1.0122472
-77.11698833,39.064015,1.0055757
-77.11688167,39.12827833,0.9777413
-77.11684167,39.08395333,1.0221959
-77.11674333,38.99283667,1.0066206
-77.116645,39.12797833,0.97668487
-77.11641167,39.06961167,1.016675
-77.116365,39.06242167,1.0022146
-77.11635667,39.06964333,1.0155311
-77.11633833,39.062995,1.001549
-77.11631833,39.06173333,1.0062371
-77.11626167,39.06167667,1.0087227
-77.11626,39.12157167,0.98113734
-77.11623833,39.07062833,1.015215
-77.11618667,39.06973,1.0131875
-77.116185,39.12698667,0.98924154
-77.11615,39.063565,1.0010169
-77.11600333,39.07010333,1.0073
-77.11599167,39.06166667,1.0090524
-77.11598333,39.14817,0.9983533
-77.11593333,38.99267333,1.0118448
-77.11568333,39.07253,1.0117652
-77.11562167,39.07416833,1.0095848
-77.115605,39.04943,1.0155189
-77.11559667,39.07458667,1.0051987
-77.115595,39.07454167,1.0068493
-77.11558833,39.074715,1.0089476
-77.11558167,39.12403333,0.98907703
-77.11557167,39.12392667,0.9885924
-77.115515,39.08304333,1.0187002
-77.11551333,39.123145,0.9860877
-77.11542667,39.03555,0.99914765
-77.11536667,39.08290167,1.0179068
-77.11536167,39.12251,0.9864162
-77.11530167,39.00080833,0.9973709
-77.115265,38.97040167,1.0216185
-77.11518333,39.14874833,0.9918028
-77.11490167,39.08247167,1.0138603
-77.11490167,38.97034833,1.0177197
-77.11474,39.049605,1.024712
-77.11463833,39.030695,1.0034084
-77.11463333,39.08221167,1.0147325
-77.11452833,39.03585667,0.9993126
-77.11445333,39.00052167,0.9978849
-77.114445,39.074525,1.0147969
-77.11438333,39.03594,0.9967169
-77.11434167,39.09465833,1.0025433
-77.11432333,38.99236,1.0147107
-77.11373667,39.08117167,1.0085413
-77.11366833,39.09482667,1.0042877
-77.11357833,39.04979333,1.0025295
-77.11357,39.14884167,0.98809844
-77.11355167,39.03028,1.0046052
-77.11352833,39.06164333,0.9956752
-77.11340167,39.03713333,0.99338824
-77.11339,39.06163833,0.9955489
-77.11335833,39.05567,1.0154059
-77.11324333,39.05556333,1.0154185
-77.11307333,39.07503167,1.0146905
-77.11298667,39.07965333,1.0164152
-77.11290833,38.969975,1.020047
-77.11286,39.09504833,1.0071275
-77.11284167,39.07934167,1.0188421
-77.11272667,38.99202167,1.0185784
-77.11266,39.04013833,0.9963684
-77.11256833,39.029925,1.0021588
-77.11231833,39.054765,1.007403
-77.112265,39.14844167,0.988957
-77.11215,39.07568,1.0077721
-77.11214833,38.99197333,1.0186863
-77.11214,39.06144333,0.9992347
-77.11193833,38.991965,1.0152285
-77.1119,39.04016833,0.99905014
-77.11185167,38.99196333,1.0145078
-77.11177667,39.148275,0.9871963
-77.11170667,39.06095667,1.0024248
-77.11163333,38.96956667,1.0245717
-77.11159167,38.99196833,1.0128418
-77.11156,39.07638167,1.0208328
-77.11149167,39.044725,1.0117502
-77.11148333,39.02953167,1.0005225
-77.11147667,39.04475667,1.0155294
-77.111475,39.044625,1.0067943
-77.11138,39.06023333,0.99995166
-77.111285,39.04416333,1.0098112
-77.11120333,39.04484,1.015118
-77.11108833,39.05957,1.0017275
-77.11091667,38.99204833,1.0093753
-77.11081167,39.05333167,1.018779
-77.11074,39.05884667,1.0066513
-77.11063833,39.04283167,1.0286776
-77.110605,39.029265,1.002303
-77.11031667,39.04218833,1.0297995
-77.11017167,39.057675,1.0105646
-77.110115,39.029125,1.0026942
-77.110015,39.05003667,1.0049554
-77.10924833,39.05021667,1.0128845
-77.10912333,39.148675,0.993494
-77.10904333,39.05033833,1.0178773
-77.10903833,38.96837667,1.0237881
-77.10895167,39.02906333,1.0045738
-77.10891667,39.05039333,1.0182843
-77.10868833,39.05341833,1.0198226
-77.108555,39.053425,1.0196812
-77.10851833,39.02914167,1.0060617
-77.10840833,39.05341167,1.016369
-77.10829333,39.05648,1.0028712
-77.10816333,39.056435,1.0016397
-77.10805833,38.96779167,1.0179484
-77.10797,39.09673167,1.0277814
-77.10791,39.029355,1.0074017
-77.10790667,39.05344333,1.0152494
-77.10779667,38.99300167,1.0097952
-77.10776333,39.02943833,1.0038474
-77.10750667,39.09689333,1.0274631
-77.10737167,39.04491167,1.0095813
-77.10735833,38.992875,1.0081542
-77.10731667,39.05574833,1.0044632
-77.107165,39.04947,1.009504
-77.10710667,39.02984667,1.0016651
-77.10707833,39.0535,1.0051099
-77.10694833,39.029995,1.0003926
-77.10685833,39.05476,1.0086908
-77.10676833,39.05405,1.0097175
-77.10676333,39.05394833,1.0091443
-77.10675667,39.030025,1.012073
-77.106525,39.04496,1.01914
-77.10648333,39.03004,1.0042828
-77.10612333,39.15032167,0.99239254
-77.105945,39.088225,0.9947099
-77.10587,39.08847333,0.99739057
-77.10577833,38.97625167,1.0128688
-77.10570667,39.08715333,0.9967095
-77.10568333,38.96659667,1.0278906
-77.10552,38.99164333,1.008704
-77.105475,39.04805167,1.0136478
-77.10543333,38.96680833,1.0262629
-77.10539333,38.96898667,1.0142968
-77.10533833,38.97121,1.0130812
-77.10530667,38.96961667,1.0078831
-77.10528,38.96995,1.0134071
-77.10527167,39.089505,0.99626833
-77.105265,38.96851833,1.0183707
-77.10526333,38.97009833,1.014586
-77.10525,38.97017167,1.014586
-77.10521667,39.04772333,1.0190107
-77.10515667,39.04732667,1.0190575
-77.10513667,39.04703167,1.0201471
-77.105135,38.96706833,1.0249579
-77.10512333,39.08971333,1.0001574
-77.10511667,38.97709333,1.0249735
-77.10506833,39.08582,1.0091058
-77.10498167,38.97711,1.0252106
-77.10497167,39.15051167,0.9938427
-77.10493833,38.97476833,1.0195
-77.104925,38.96731167,1.0270978
-77.10492167,38.96773667,1.0213648
-77.10491167,39.08547,1.0075626
-77.1049,38.9747,1.0192369
-77.10486667,38.973165,1.015536
-77.10476167,38.97340833,1.016256
-77.10465667,38.97367,1.0147724
-77.10457667,38.97413667,1.0157678
-77.10372833,39.08353833,1.0187495
-77.10362833,39.09022833,1.0025016
-77.103565,38.99046167,1.0169544
-77.103485,39.083255,1.0149399
-77.10347333,38.97731,1.0137073
-77.10269333,38.98994,1.0267595
-77.102435,39.15112667,0.99322814
-77.10190167,39.09089333,1.0003023
-77.10171167,39.09881,1.0241907
-77.10158,39.09092167,0.99854076
-77.101305,39.09092833,0.9989345
-77.10117833,39.08121167,1.011561
-77.10098333,38.98888167,1.0266907
-77.10094833,39.09091833,1.0021884
-77.10094667,39.09903333,1.0208449
-77.10093167,39.08104333,1.0099744
-77.10035167,38.97775833,1.0161203
-77.100325,39.15154333,0.9882825
-77.10003333,39.08040333,1.0118525
-77.10003167,38.98828667,1.0233241
-77.09958,38.98801667,1.0235891
-77.09948333,39.08010333,1.0120364
-77.09947167,38.987955,1.0268948
-77.09945167,39.09945333,1.0209577
-77.09937,38.987895,1.0274657
-77.09921,39.08003333,1.0130433
-77.09918,38.987785,1.0250994
-77.09897667,39.09068833,1.0043763
-77.09887333,39.09066,1.0046046
-77.09877,39.09063,1.0063843
-77.09873333,38.97820167,1.019203
-77.098715,38.97834667,1.0150496
-77.09849833,39.090535,1.0102156
-77.09848167,39.14989833,0.9968841
-77.098465,38.98429,1.0133321
-77.098355,38.98219167,1.0126692
-77.098305,39.09046167,1.0116397
-77.09829333,39.14978333,0.99363655
-77.09828167,38.98009,1.0177721
-77.09800167,39.14962167,0.9960312
-77.09749667,38.98686,1.0140061
-77.0974,39.08041833,1.0056626
-77.09738833,38.98472,1.0110538
-77.09726833,38.98471333,1.0114249
-77.09686167,38.98476167,1.0118632
-77.09673167,39.10328667,0.9903082
-77.09659833,39.10309833,0.9893513
-77.09656833,38.98431333,1.0157094
-77.09656333,38.986465,1.0069429
-77.09654,38.98166333,1.0141048
-77.09646167,38.98390167,1.0109456
-77.09644333,38.98150833,1.0160108
-77.09644167,38.983715,1.0115108
-77.09640667,39.14865,1.0011299
-77.096355,39.10370333,0.99305737
-77.09632667,38.98334167,1.013632
-77.09630167,39.10266167,0.9884978
-77.09628,39.10372833,0.9937594
-77.09614833,38.98727833,1.0099988
-77.096145,38.987485,1.0094194
-77.09613667,38.98799667,1.0249566
-77.09612,39.10378167,0.99418736
-77.09597167,39.102215,0.9899335
-77.09594833,39.10383833,0.99489534
-77.09588,39.1021,0.9900358
-77.09558333,38.98106333,1.0241646
-77.09557,39.14812833,1.0035943
-77.09521333,39.12022833,0.98687756
-77.09518833,39.101565,0.99231
-77.09514667,38.98077833,1.0245224
-77.09507,39.12037167,0.9868572
-77.09505,39.10146833,0.9919181
-77.09503667,39.08368167,1.0113819
-77.09492333,39.12054,0.98682725
-77.09485333,39.10425,0.9924314
-77.09481333,39.08374833,1.0083312
-77.09465167,39.10115167,0.9898861
-77.09451333,39.14752,1.0018532
-77.09448,38.98042167,1.0158825
-77.09439833,38.98038667,1.0162021
-77.09430333,39.146065,0.99697316
-77.09423667,39.12126667,0.9882688
-77.09402167,39.11899167,0.9829747
-77.09389167,38.98008833,1.012732
-77.09351,39.11261333,0.98260784
-77.09339333,39.11282,0.98213434
-77.09338833,39.111875,0.9817984
-77.09331333,39.118745,0.978637
-77.09311,39.11178333,0.9831226
-77.09303167,39.11175833,0.9832604
-77.09300833,39.122695,0.985271
-77.09295,39.10489,0.98960227
-77.0929,39.11377,0.98515356
-77.09282833,39.11391,0.99048454
-77.09273833,39.11409333,0.98959714
-77.09263833,38.97999,1.0122294
-77.09245167,39.111545,0.9834124
-77.09231833,39.11479333,0.9912912
-77.09229833,39.11482333,0.9907365
-77.09210167,39.115155,0.98732495
-77.09208333,39.10532333,0.9875718
-77.09196333,38.979265,1.0180647
-77.09193667,39.11136167,0.9834272
-77.09193,39.14199,0.9972625
-77.09192167,39.11548,0.98513967
-77.09189,39.14255,0.9998309
-77.09182833,39.11564667,0.9846211
-77.09176167,39.11575833,0.9848811
-77.091635,39.14073833,0.9946035
-77.09158167,39.116105,0.98486125
-77.09156667,39.11813667,0.98042524
-77.09148667,39.11629333,0.9866705
-77.09137833,39.116485,0.9874588
-77.09130833,39.14025167,0.9945106
-77.09128333,38.97821833,1.0268049
-77.09127833,39.11665667,0.9849716
-77.09122667,39.10585833,0.9837932
-77.09120667,39.140135,0.99152666
-77.09118333,39.08288167,1.0092002
-77.09115667,39.116835,0.9860652
-77.091135,38.97794167,1.0306009
-77.09113,39.10594333,0.98281527
-77.0911,39.14001333,0.99201673
-77.09099,39.139905,0.9923281
-77.09087333,39.13981167,0.9929413
-77.09082333,39.11748667,0.9825767
-77.09078,39.11102667,0.98392487
-77.09075167,38.97707833,1.0169865
-77.090745,39.117885,0.98485243
-77.09071,39.111005,0.9839722
-77.09063667,39.117765,0.9851757
-77.09058667,39.11781167,0.9881214
-77.09052333,39.106525,0.9826919
-77.090495,39.08263167,1.0175838
-77.09047833,39.13957833,0.99185675
-77.09047,39.12404667,0.98717993
-77.09033333,39.13950833,0.9915862
-77.09013,38.97533167,1.0251386
-77.090095,39.082505,1.0194534
-77.08999667,39.11074167,0.9839331
-77.08993833,38.97429,1.018863
-77.08992167,39.12434333,0.9877911
-77.08991833,38.97416,1.0196649
-77.08985167,38.97377833,1.023202
-77.08976167,38.973265,1.0106449
-77.08975333,39.11065667,0.9848825
-77.08974333,38.973135,1.0084934
-77.08954,39.082305,1.0228214
-77.08950333,38.97129833,1.0112276
-77.089455,39.11053667,0.98463154
-77.08940333,39.082235,1.0231959
-77.08932167,39.10806833,0.9820355
-77.08928667,38.96982833,1.0076369
-77.08922833,39.12471833,0.9905045
-77.08920167,39.110445,0.9833799
-77.089035,39.053235,1.0131251
-77.08899833,38.96800833,1.015433
-77.08893,38.96769,1.0136626
-77.088865,39.06064833,1.0288688
-77.088685,39.13178,0.9749775
-77.08865667,39.109235,0.98134524
-77.08861333,39.13147833,0.9741281
-77.08861,39.10931,0.9812613
-77.08859,39.12511333,0.9792342
-77.0885,39.04892667,1.006464
-77.0885,39.049045,1.0071476
-77.08847167,39.061085,1.0236237
-77.08847,39.04854,1.0021039
-77.088465,39.062105,1.0114832
-77.08845667,39.04136167,0.9858827
-77.08844833,39.10959667,0.98466027
-77.08844667,39.131275,0.9734245
-77.08841667,39.109655,0.984379
-77.08841167,39.06193333,1.0114859
-77.08837333,39.048015,1.0000254
-77.08836333,38.96599333,1.0234494
-77.08835167,39.11013167,0.9821551
-77.08834833,39.1311,0.9735223
-77.08834833,39.04793333,0.9990179
-77.08825833,38.96581,1.0223742
-77.08814167,39.041565,0.98142856
-77.08810167,38.96553833,1.0219387
-77.08808,39.06329,0.99335104
-77.088075,39.12533833,0.9744593
-77.08805167,39.12765167,0.9835351
-77.08796833,39.12850667,0.9856225
-77.08793167,39.05933333,1.0246814
-77.08786,39.06461833,0.99629563
-77.08781667,39.06364,0.9889143
-77.087755,39.13823667,0.9885258
-77.08775333,39.06439667,0.985726
-77.08772333,39.04633,0.9859021
-77.08767333,39.03941333,0.98549247
-77.08763333,39.13285833,0.97845185
-77.08760833,39.06403333,0.99051976
-77.08759833,39.04606167,0.9855138
-77.08747,39.13305833,0.97793144
-77.087415,39.04168167,0.9776381
-77.08739167,39.04573833,0.98297054
-77.08717333,39.05888167,1.0242264
-77.08709,39.07878,1.016213
-77.08706667,39.04524833,0.9881817
-77.08706333,39.03888667,0.9890767
-77.08694667,38.96400333,1.0228024
-77.08693,39.07762833,1.0111896
-77.08685333,39.04186333,0.98039263
-77.08684833,39.07280333,1.0173235
-77.08684167,39.06653833,0.9970831
-77.08678333,39.07378833,1.0127292
-77.08676333,39.04190167,0.98215383
-77.08676167,39.073905,1.0124434
-77.08674667,39.07669833,1.0104079
-77.08674167,39.07402833,1.0124427
-77.08671833,39.07415667,1.0121524
-77.086695,39.07428833,1.0113164
-77.08665833,39.072795,1.0183187
-77.08665667,39.07618333,1.0163128
-77.08648,39.13665167,0.9828983
-77.08639333,39.044385,0.9944808
-77.08637333,39.07283333,1.0207185
-77.08622,39.03814833,0.9839263
-77.08613833,39.05994333,1.0147386
-77.08610833,39.05906,1.0143856
-77.086065,39.1359,0.9869604
-77.08600167,39.04393,0.99702585
-77.08585333,39.06724833,0.9932442
-77.08538,39.03721667,0.9903698
-77.08529833,39.07247,1.0182781
-77.08511167,39.03224667,1.0246685
-77.08487167,39.036675,1.0025297
-77.08485667,39.03280333,1.0202652
-77.08475833,39.06802833,0.99613386
-77.08418167,39.035515,1.0044944
-77.084,39.07207167,1.0119177
-77.08399667,39.06187,1.0050317
-77.08316167,39.07187,1.0042943
-77.08314,39.029555,1.0236733
-77.08274667,39.05591167,1.0178465
-77.082685,39.069395,1.0096875
-77.08201333,39.02903667,1.0230968
-77.08198833,39.06274,1.0125911
-77.08167833,39.02887667,1.0246097
-77.08147,39.07178333,1.0091888
-77.08124333,39.06284667,1.0180117
-77.08110667,39.062835,1.0141519
-77.080865,39.07093,1.0120419
-77.08009833,39.06230333,1.0113823
-77.07998,39.02811,1.0356232
-77.079785,39.05448167,1.0216498
-77.07963833,39.06240167,1.0104883
-77.079135,39.02786167,1.039398
-77.07881833,39.02790833,1.0401644
-77.07861,39.05384667,1.0199318
-77.07746667,39.02773333,1.0390391
-77.07736833,39.05312333,1.0160501
-77.077145,39.06263167,1.0128802
-77.07681167,39.05277333,1.0175449
-77.07675,39.02758167,1.0301127
-77.07659333,39.01654833,1.0169837
-77.076555,39.01580833,1.0248011
-77.07648667,39.01749833,1.01488
-77.076275,39.015135,1.0216895
-77.07626833,39.06243833,1.0128636
-77.07582333,39.10949167,1.0073445
-77.075785,39.02743333,1.0303082
-77.07569167,39.01861667,1.0114722
-77.075535,39.11423167,0.99781513
-77.07550167,39.11452167,0.99860764
-77.075385,39.11547833,0.9986706
-77.075365,39.05185667,1.0142219
-77.07531167,39.05182333,1.015497
-77.07523333,39.11671,1.0044034
-77.07523333,39.05177667,1.015497
-77.07511,39.06260667,1.0021029
-77.075055,39.11817333,1.0068754
-77.07484167,39.02741333,1.0330796
-77.074635,39.12012,1.0080476
-77.07386333,39.01997167,1.016359
-77.07372,39.06321333,1.0180544
-77.07370833,39.02016833,1.0179678
-77.07366667,39.02022333,1.019101
-77.07364667,39.11122667,0.9919529
-77.07338833,39.1116,0.9919909
-77.073375,39.06277167,1.0251217
-77.07337167,39.02756667,1.0320265
-77.07327,39.02081833,1.0203888
-77.07322167,39.02749833,1.030717
-77.073185,39.06177667,1.0262234
-77.07314167,39.05923667,1.0201832
-77.07309167,39.014235,1.0134323
-77.07306333,39.12446,1.0044124
-77.07296333,39.014125,1.013654
-77.07284,39.02152,1.0170496
-77.07277,39.02164333,1.0205647
-77.07276333,39.02726,1.0278537
-77.07274667,39.01396,1.0093226
-77.07272667,39.02171167,1.0238092
-77.072655,39.0586,1.0126085
-77.07261333,39.02716333,1.0278327
-77.07250333,39.12587,1.0009569
-77.07240167,39.022225,1.0257866
-77.07233,39.02690333,1.028388
-77.072305,39.058825,1.0156693
-77.072215,39.05888667,1.0139961
-77.07218333,39.12612167,0.9990635
-77.07215167,39.02262333,1.024438
-77.07213833,39.02595167,1.0286851
-77.071885,39.02311833,1.0153302
-77.07186833,39.11228167,0.9921786
-77.07180167,39.0255,1.0273927
-77.07175167,39.0135,1.0220982
-77.07173833,39.05923833,1.0211295
-77.07170667,39.02538,1.0281981
-77.07166833,39.04982,1.0332985
-77.07157667,39.02401167,1.0246783
-77.071485,39.025095,1.0230814
-77.07147167,39.02434833,1.0250459
-77.07127,39.04964667,1.0265648
-77.07094667,39.058295,1.0182236
-77.07086667,39.05817,1.0041286
-77.07084833,39.130515,1.0110121
-77.07082333,39.058115,1.0078244
-77.07074167,39.049415,1.02717
-77.070675,39.13196667,1.0112869
-77.07067333,39.130475,1.0093849
-77.07042,39.12596167,0.9904758
-77.07041167,39.13298167,1.0098681
-77.07037,39.13312333,1.0095676
-77.07029333,39.12608167,0.99071
-77.07023833,39.13355833,1.0086902
-77.07021667,39.01276,1.0225711
-77.07014833,39.13384667,1.0096602
-77.07013833,39.12689167,0.9943753
-77.07013667,39.12694,0.99387574
-77.07010333,39.13398667,1.0105712
-77.06963,39.06001333,1.0201957
-77.06957333,39.05677,1.0198584
-77.06955167,39.05674,1.014071
-77.06940833,39.13623667,1.0074533
-77.06933667,39.06007,1.021425
-77.06889,39.05934,1.0270936
-77.06859,39.130305,0.9993413
-77.068525,39.05598333,1.0205103
-77.06832333,39.12855667,0.98931384
-77.06822667,39.05580167,1.0234102
-77.06819333,39.047285,1.0183218
-77.06819167,39.12993667,0.9984409
-77.06819167,39.14007167,1.0073123
-77.06818667,39.13,0.99816436
-77.06818667,39.12966833,0.9972439
-77.06816667,39.05576333,1.0209523
-77.06816167,39.13018167,1.0014472
-77.06803,39.04712167,1.016126
-77.067675,39.05543167,1.0241094
-77.067675,39.14190167,1.0163603
-77.06766833,39.11275667,0.9968228
-77.06761,39.14221833,1.0182915
-77.06724167,39.05510333,1.0087538
-77.06688,39.05462833,1.000308
-77.06683167,39.14265833,1.0053002
-77.06674833,39.11266333,0.997724
-77.065685,39.055095,1.0033299
-77.06567333,39.14127167,1.0031809
-77.06551167,39.14076667,1.0057888
-77.06483667,39.05515333,0.99738604
-77.06456,39.03525833,1.0185353
-77.06444833,39.044635,1.0299636
-77.064035,39.03448167,1.0156657
-77.06391167,39.03601,1.0289371
-77.0639,39.11236333,0.9993258
-77.06323833,39.054755,0.9981056
-77.06312667,39.05473833,0.99824727
-77.062335,39.05479833,1.0014534
-77.06230667,39.03301167,1.0078402
-77.06200667,39.05476167,0.9988046
-77.061935,39.032805,1.0097146
-77.061925,39.03348667,1.0126222
-77.06186333,39.05456333,1.0057759
-77.06184,39.03361833,1.017321
-77.061725,39.03403667,1.0133805
-77.061695,39.03401333,1.0133805
-77.06166,39.03393667,1.0157989
-77.06161,39.11228,0.99929446
-77.06140167,39.05396,0.9951328
-77.06139333,39.04306167,1.0249099
-77.061165,39.03291,1.0086592
-77.06097667,39.03293833,1.0093317
-77.06096333,39.05345333,0.98510313
-77.06044833,39.05309,1.0002062
-77.05973333,39.03317333,1.0103551
-77.05969,39.03759,1.0242026
-77.0596,39.03752333,1.0215346
-77.05958333,39.037505,1.0212399
-77.05956,39.01207167,0.98457295
-77.059425,39.03736833,1.0195947
-77.0593,39.01187833,0.9882171
-77.05898667,39.04180667,1.0364921
-77.05890333,39.01185833,0.9798883
-77.05887667,39.04174167,1.0331321
-77.058725,39.14398667,0.99870056
-77.05865667,39.14408,0.99886274
-77.05838,39.01300167,0.9836912
-77.0581,39.03703667,1.0297064
-77.05805667,39.01307667,0.9851332
-77.05787167,39.11301333,1.0030909
-77.05784833,39.14472,0.99984515
-77.05778333,39.052335,1.0054307
-77.05777833,39.01188333,0.99217325
-77.05772,39.01211833,0.991179
-77.057675,39.01218,0.9908149
-77.057505,39.04101667,1.0262349
-77.05746167,39.01156167,0.9987137
-77.05733833,39.05227667,0.9998484
-77.05709667,39.14595667,1.0077664
-77.05698333,39.14612667,1.0064511
-77.05697667,39.03293833,1.0044374
-77.05693,39.03807333,1.0256464
-77.05691167,39.11341333,1.0022366
-77.05683,39.032855,1.004929
-77.056665,39.05219667,0.99758905
-77.05661,39.03826333,1.0327809
-77.056065,39.040245,1.0257249
-77.05597,39.01066,1.0050434
-77.055935,39.04018,1.0275415
-77.055905,39.14611333,1.0038925
-77.055775,39.01055167,1.0071232
-77.05568833,39.01049333,1.0074276
-77.05558167,39.06358333,1.0123266
-77.05554,39.03846,1.0109977
-77.05525333,39.06331833,1.0097724
-77.055185,39.02966667,1.0118067
-77.05515167,39.02846167,1.0064415
-77.05512,39.05171833,1.0024891
-77.05511833,39.02996333,1.0107447
-77.05511,39.02720833,1.0076249
-77.05510667,39.02773167,1.0084085
-77.05503,39.03970167,1.0324229
-77.05495833,39.02486667,1.0069776
-77.054925,39.03023333,1.0065458
-77.054905,39.145765,1.0026776
-77.054805,39.024635,1.0006976
-77.05467667,39.038455,1.0064241
-77.05464167,39.062835,1.0119295
-77.05460333,39.03060667,1.0112717
-77.05453333,39.05155667,1.0079776
-77.05446167,39.06269667,1.008367
-77.054435,39.02448,1.0026418
-77.05441667,39.03938333,1.024914
-77.0544,39.030865,1.0175467
-77.054265,39.06254667,1.0081972
-77.05420333,39.031105,1.0163771
-77.053915,39.00972833,1.0094968
-77.05389667,39.03144667,1.0077895
-77.05386833,39.02432167,1.0052665
-77.053845,39.03198667,1.0060314
-77.05378,39.02430333,1.0052292
-77.05362667,39.06207667,1.0160626
-77.05355333,39.14544833,1.0008913
-77.05340667,39.061905,1.016394
-77.05331167,39.03859167,1.017715
-77.05311667,39.038445,1.0156882
-77.052735,39.02434167,1.0003647
-77.05272833,39.00963167,1.0112455
-77.052595,39.05092833,0.99915844
-77.05242833,39.05086667,1.0061108
-77.05206667,39.00960667,1.008869
-77.05189,39.05070667,1.0063807
-77.05173167,39.1456,1.012783
-77.05166667,39.05089333,0.99790645
-77.05126833,39.05236333,0.9984245
-77.05113,39.02450167,1.0057937
-77.05090333,39.024525,1.0064917
-77.05080833,39.02453167,1.0074372
-77.050745,39.00945167,1.0121634
-77.05045167,39.05485333,1.0036532
-77.05034833,39.05509167,1.0010357
-77.05011333,39.14631167,1.0037043
-77.050095,39.056965,0.998234
-77.05006333,39.056415,0.9973834
-77.04995167,39.005275,1.015231
-77.04950167,39.02466667,1.0079494
-77.04942833,39.00569833,1.0128051
-77.049065,39.006005,1.0130883
-77.04905167,39.00736,1.0148357
-77.048935,39.00904167,1.0141066
-77.04893167,39.00912833,1.0124807
-77.04865167,39.14554167,0.9983753
-77.04862333,39.024765,1.0053686
-77.04767167,39.02486,1.0036095
-77.04748333,39.02487667,1.0017338
-77.04745333,39.14490833,0.9982076
-77.04743333,39.118655,0.98232085
-77.04739167,39.02488167,0.9997248
-77.04686667,39.02498833,1.0022104
-77.04567,39.14429,0.99977547
-77.045235,39.02535167,1.0123211
-77.04489167,39.09078333,1.0043286
-77.04386,39.090845,0.9973658
-77.04379,39.14419167,0.9983797
-77.04377833,39.04362833,1.0071375
-77.04377833,39.04373,1.0070238
-77.04376,39.04333167,1.0072976
-77.04376,39.044255,1.0044061
-77.043745,39.04316167,1.0061365
-77.043575,39.04291667,1.0012883
-77.04290667,39.14384833,0.97525513
-77.04282833,39.042895,1.0033404
-77.04275667,39.04288833,0.998676
-77.04258333,39.04616167,1.010528
-77.04254,39.09948,0.9963478
-77.04252667,39.09147,0.99707824
-77.04212167,39.100015,0.9976305
-77.04206833,39.04723,1.0096982
-77.04193,39.047235,1.0093095
-77.04178833,39.10036167,0.99721855
-77.041295,39.10082667,0.99251336
-77.04115667,39.04726,1.0037222
-77.04065833,39.04726,1.0034268
-77.04049333,39.14288833,0.97962976
-77.040465,39.041895,1.0021133
-77.04023667,39.12044667,0.9891458
-77.04021333,39.04185667,1.0017399
-77.04008333,39.12052667,0.989271
-77.03995,39.02611333,1.0000204
-77.03993333,39.1206,0.9894249
-77.03982333,39.042105,0.9973297
-77.03954333,39.10361667,0.982626
-77.03932,39.03843667,1.011875
-77.03926833,39.02621,1.0001632
-77.039135,39.02623,1.0007838
-77.03913,39.04209167,0.99912053
-77.03898833,39.04728,1.0074229
-77.03874833,39.14208833,0.98595876
-77.03861667,39.14201667,0.98671174
-77.03824333,39.14178833,0.9877152
-77.03824167,39.10599333,0.9878119
-77.0382,39.02636167,0.99587315
-77.03807167,39.12077,0.9818445
-77.03807167,39.02638167,0.99597883
-77.03807167,39.03934833,1.0108936
-77.03771,39.04710833,1.004335
-77.03755833,39.026445,0.99603844
-77.03712833,39.04003667,1.0095642
-77.03712667,39.11084167,0.9822836
-77.03712333,39.10909167,0.9818205
-77.03712,39.11139333,0.9832856
-77.03704833,39.02643333,0.9953746
-77.037045,39.140965,0.9915457
-77.03697333,39.041045,0.9984416
-77.03660833,39.11676333,0.9744369
-77.03648167,39.02244667,1.0046206
-77.03647333,39.01687,1.0012832
-77.03643167,39.02239,1.0046206
-77.0364,39.02269167,1.0019196
-77.03639667,39.01693333,1.0012776
-77.03639,39.02273167,1.0019196
-77.03637833,39.022775,1.0007875
-77.036255,39.02315667,1.0033125
-77.03609167,39.11794167,0.9779297
-77.03602,39.12077,0.97756624
-77.03596,39.02235833,1.0056837
-77.035725,39.022355,1.0053303
-77.03555667,39.02348833,1.0038621
-77.03549333,39.02603333,0.9971224
-77.03543667,39.0246,0.9971195
-77.03543,39.02440667,0.9981552
-77.03541833,39.02426,0.99916583
-77.03538667,39.02412167,0.9995183
-77.03537333,39.01602667,1.0021363
-77.03537,39.02385667,0.9983575
-77.035305,39.120705,0.9773012
-77.03508,39.11952333,0.9864479
-77.03500667,39.01783833,0.99914503
-77.03495,39.01605333,1.0024917
-77.03475167,39.13955167,1.0058242
-77.03468333,39.01845667,0.9978749
-77.03461167,39.12058167,0.9782885
-77.03446333,39.01921833,0.99696064
-77.03429167,39.02094,1.0073774
-77.03425167,39.01607667,1.0018598
-77.034185,39.06442333,0.98555696
-77.03411833,39.002795,1.0159179
-77.03410667,39.03650667,1.0187665
-77.03393,39.03654167,1.0206971
-77.03384833,39.00289333,1.0121523
-77.03365333,39.064365,0.9772187
-77.03298667,39.00319667,1.0092621
-77.03288333,39.06618167,1.0155982
-77.032695,39.01615667,1.0010058
-77.03260833,39.00326167,1.0070239
-77.03254667,39.137205,0.99746513
-77.03238333,39.13697,0.99784064
-77.03204333,39.06629667,1.0034946
-77.03175167,39.06426167,0.9697266
-77.03167833,38.99603667,1.0034612
-77.03163167,39.04637833,0.9913276
-77.03159833,38.99608667,1.0055475
-77.03152,38.99579833,1.0038898
-77.03137667,38.99567,1.0082079
-77.03126667,38.99556667,1.0090588
-77.031265,39.00321167,1.0079527
-77.031255,39.066375,0.99630547
-77.03124667,39.06426,0.96887356
-77.03112167,39.066375,0.9928999
-77.03090333,39.00309333,1.0109779
-77.03074,39.13378667,1.0036404
-77.030625,39.00298333,1.0090365
-77.03047,39.06640667,0.9942646
-77.03045667,39.036675,1.0061744
-77.030385,38.994925,1.0251486
-77.03031667,39.0469,0.9966972
-77.03015167,38.99711,0.99627227
-77.030095,38.99485667,1.027363
-77.03005333,39.09467,0.9934458
-77.03,39.00273667,1.0135725
-77.02996833,39.01293667,1.0101862
-77.029925,39.002705,1.0133693
-77.02965,38.99767667,0.995074
-77.02956333,39.00254167,1.0078536
-77.02948833,39.01237667,1.0053747
-77.02935833,39.130225,1.0059818
-77.02929167,39.01212333,1.0076525
-77.02924667,38.99465833,1.0085802
-77.02922833,39.12995167,1.0094222
-77.029155,39.011955,1.0072893
-77.02907167,39.00230833,1.0203731
-77.02901667,39.01179333,1.0039718
-77.028795,38.99831,0.9940289
-77.02864167,39.12874667,1.0040528
-77.02822667,39.09456333,0.9982817
-77.02806,39.00185833,1.0193715
-77.027995,39.12718,1.0070225
-77.02798833,38.99952,0.98710066
-77.027905,38.99956667,0.99782306
-77.02784,39.12667,1.007348
-77.02772,39.04760333,0.99176943
-77.027655,38.99456333,1.0194657
-77.02751333,39.12553667,1.0092597
-77.02726,39.12481333,1.0057894
-77.02721333,39.12469,1.0054927
-77.02719667,39.047745,1.0057874
-77.02717,39.03611667,1.0111041
-77.02715167,39.010905,0.9995683
-77.02699,39.09574,0.9949151
-77.02669833,39.09616,0.99336994
-77.02662667,38.99905833,1.0045627
-77.02661667,39.010885,0.9993986
-77.026605,38.99370833,1.0305637
-77.02654833,38.99318667,1.0345439
-77.026495,39.09653333,0.99338406
-77.02641167,39.09672167,0.9938791
-77.02640167,39.12338,1.0076729
-77.026375,39.09682,0.9923495
-77.02630667,39.09701,0.9919138
-77.026185,39.09746667,0.992878
-77.02609833,39.01076333,0.9978455
-77.02609333,39.09833333,0.99294126
-77.026075,39.09843,0.9932525
-77.02605667,38.99903,1.0148594
-77.02598,39.01072,0.99772644
-77.02578833,39.01063833,0.9959393
-77.025665,38.99299667,1.0109993
-77.02564333,39.01057167,0.99483234
-77.02558333,39.12215,1.0148692
-77.025535,39.060525,0.94973415
-77.02550667,39.09985667,0.9972625
-77.02532333,38.99302,1.0043356
-77.02532167,39.00186,1.0141557
-77.02528167,39.06600667,1.017242
-77.02527167,39.10020833,0.99837184
-77.02515667,39.01041167,0.9962779
-77.02508667,39.00202333,1.0187492
-77.02505,39.010395,0.9963426
-77.02499667,39.10060167,0.9985884
-77.02493167,39.01038167,0.99651986
-77.024785,39.05003167,0.9977923
-77.02476667,39.05029,0.99975145
-77.02474,39.12135667,1.0124255
-77.024715,39.05145,0.9951899
-77.02470667,38.993055,1.0026584
-77.02467833,39.05209167,0.99537504
-77.02466667,39.05249833,0.9965798
-77.02460333,39.05912167,0.9609945
-77.02456333,39.05358333,0.99279326
-77.02452833,39.03478333,1.0314301
-77.02451833,39.00305833,1.0341121
-77.02448833,39.10136,0.9948375
-77.02430167,39.05432833,0.9881041
-77.02430167,39.10163333,0.993392
-77.02429333,38.99885167,1.012366
-77.02429167,39.003415,1.0278268
-77.02424667,39.101725,0.9938804
-77.02412833,39.10190333,0.994266
-77.02407833,39.05865667,0.9607252
-77.02401333,38.992935,1.003784
-77.02393667,39.10216667,0.9932944
-77.02386833,38.98971167,0.9999831
-77.02377667,38.9889,0.9926418
-77.02376333,39.10243333,0.99222153
-77.023615,39.05792167,0.9635304
-77.02343333,39.06592833,1.0040302
-77.023305,39.120535,1.0113795
-77.0231,39.065935,1.007605
-77.02299333,39.01017833,0.98606306
-77.02298167,38.99791333,1.0052221
-77.02294,39.10324333,0.9935943
-77.02293833,39.06594,1.0078317
-77.02286,38.98765,0.9987797
-77.02278,38.997745,1.0064352
-77.02256667,39.005205,1.007152
-77.02251333,38.987405,1.0011051
-77.0225,39.00589167,1.0145088
-77.02247833,38.99751833,1.0018673
-77.022405,39.00560667,1.0122204
-77.02227,39.009925,0.9788732
-77.02227,39.00576,1.0132684
-77.02219167,38.99729833,1.0017314
-77.02197667,39.006065,1.0153087
-77.02174167,39.00457667,1.0040534
-77.02171667,38.99728333,1.0211601
-77.02164,39.10352667,0.9988243
-77.021605,39.00444167,1.0031729
-77.021435,38.986665,1.0012511
-77.021235,38.986535,0.9998909
-77.02093333,39.00377333,0.99905133
-77.02080833,38.99801167,1.0108681
-77.020625,39.00343,0.9993147
-77.02021167,38.99860333,1.00539
-77.020065,38.98577167,0.9983267
-77.02005667,39.00751167,1.0278924
-77.02005333,39.03452833,1.017342
-77.01996,39.00758833,1.0288328
-77.01994667,39.10376333,0.9966182
-77.01989667,38.99876167,1.0045661
-77.01982333,39.002655,0.9952253
-77.01974667,39.00258833,0.9949205
-77.01876833,39.00838167,1.0232937
-77.01867833,38.98490833,0.99760365
-77.01849333,38.98479333,1.002173
-77.01847833,39.10396667,0.9931738
-77.01836,39.00166333,0.99504864
-77.01831,39.11657833,1.0164936
-77.01830167,38.978415,1.0168337
-77.01829667,39.008645,1.0225202
-77.01819833,38.97815,1.0113719
-77.018195,39.00150833,0.9961442
-77.01810333,38.97859167,1.0209517
-77.01808833,38.97807667,1.0099574
-77.01803167,38.97803,1.0099574
-77.017975,39.03359667,1.0108653
-77.01793,39.10404167,0.9968253
-77.017915,39.03352333,1.0103967
-77.017845,38.977885,1.0088975
-77.017805,38.98434,0.9929315
-77.01771667,38.97912,1.0193706
-77.01770333,38.97776167,1.0098251
-77.01767667,39.10404667,0.9962368
-77.01761833,39.03321667,1.003915
-77.01760833,38.97927833,1.0198008
-77.01748,39.06747667,1.0112106
-77.01747,38.99984333,1.0037733
-77.017445,38.999685,0.999282
-77.01733,38.97748,1.0056176
-77.01733,39.067555,1.0140094
-77.01709667,39.10309833,0.988612
-77.01696833,39.0086,0.99973947
-77.01685167,38.97707333,1.0032027
-77.016815,39.01195,1.0077659
-77.01680667,39.01200667,1.0066897
-77.01675833,39.09916,1.0012606
-77.016755,39.098985,1.0014268
-77.01674667,39.09949833,1.0015073
-77.01670667,39.099835,1.0032374
-77.01670333,39.09819833,1.0003083
-77.01665833,39.10008,1.0034094
-77.01664,39.10016,1.0034094
-77.01660167,39.09362667,0.99736786
-77.01659833,39.014245,1.0124286
-77.01659333,39.01450167,1.0070304
-77.01655667,38.97683333,1.0062312
-77.01655667,39.06791667,1.0211294
-77.01654,39.093025,1.0047904
-77.01653833,39.01503333,1.0029602
-77.01642,39.10084,0.9949247
-77.01641,39.10087167,0.9949247
-77.016245,39.09296,1.0051559
-77.01623833,38.98342167,1.0010325
-77.01614667,39.01627333,0.99850625
-77.01614,38.97650167,1.0110172
-77.01608667,38.97539167,1.0097107
-77.01607833,38.97647167,1.0111799
-77.01604167,38.97557333,1.0128294
-77.01599,38.98149833,1.0014367
-77.01596167,39.06822333,1.024144
-77.01593167,38.98158,1.0007821
-77.01588667,39.09295833,1.0106608
-77.01581167,39.11485833,1.0034114
-77.015765,38.97625167,1.0131758
-77.015735,38.97616667,1.0118284
-77.01566833,39.01696,1.0041397
-77.01564167,39.01161333,1.0011436
-77.01546167,39.06848333,1.0207406
-77.01545,38.98236,1.0015802
-77.01496833,39.06873667,1.0220459
-77.01481,39.068715,1.0208108
-77.014785,38.97492,1.011674
-77.01476333,39.09297667,1.0093277
-77.0146,39.06854,1.0150032
-77.01449333,39.01823,1.0040889
-77.014465,39.06842,1.0152895
-77.01433667,38.974895,1.0095772
-77.014285,39.00917,0.9922019
-77.01412167,39.06809333,1.0074502
-77.01408333,39.08854333,1.0086682
-77.01398667,39.11383,1.0001664
-77.01386167,39.06783,1.0090377
-77.01384167,39.11374667,0.9994794
-77.01380333,39.01110167,0.99749535
-77.01376167,39.08976,0.99124175
-77.01346,39.01929333,0.9938923
-77.01339167,39.02906167,1.0018103
-77.01333667,39.03164667,1.0021735
-77.01321833,39.02761,1.0009433
-77.01308833,39.08569167,1.0041889
-77.01307833,39.02745,1.0018219
-77.01304833,39.02741333,1.0018585
-77.01297667,39.08538833,1.0021777
-77.012855,39.01080167,0.9930278
-77.01285167,39.08986667,0.99103606
-77.01281167,39.084955,1.0006187
-77.01279833,39.00946833,0.98899776
-77.01273333,39.03038167,1.016083
-77.012615,39.01007167,0.9939769
-77.012605,39.02700833,1.0084878
-77.01254333,39.010355,0.9945771
-77.01241667,39.08399333,0.9984756
-77.01233667,39.06773,0.99671596
-77.01217833,39.06697333,0.9886359
-77.01217333,39.09298833,0.99459547
-77.01211333,39.06653833,0.9953163
-77.012105,39.02671333,1.0225519
-77.01206833,38.974775,1.0074259
-77.01203667,39.06598667,0.996413
-77.01193667,39.06565833,0.9964758
-77.01181333,38.974955,1.0021585
-77.01176333,39.02654167,1.0255033
-77.01111333,39.11134833,1.0022632
-77.01106667,39.02618833,1.0262991
-77.01102833,39.06519167,1.002245
-77.01087833,38.97511167,0.99379575
-77.01084,39.02644333,1.0189072
-77.010735,39.01912167,0.9947506
-77.01054667,38.97517167,1.0018934
-77.01031333,39.065105,0.9946666
-77.00944667,39.06500333,1.002703
-77.00920167,39.06497,1.0008743
-77.00911167,38.97949333,1.012419
-77.00907833,39.06495167,1.0020908
-77.00898,38.97607333,1.0119005
-77.00890333,38.979295,1.0131166
-77.00860667,39.01885833,0.9917551
-77.00842,39.02877333,0.9957189
-77.00810333,39.018615,0.9932913
-77.007995,39.01855167,0.9932201
-77.00785,38.97819833,1.0075412
-77.00741667,39.08192833,0.9942724
-77.007415,39.06471,1.0020003
-77.00724,39.01795,0.9951375
-77.00699167,39.10979333,1.0032891
-77.00697667,38.98326333,1.0149468
-77.00660167,39.01713167,1.0021005
-77.00649667,39.06460167,1.006106
-77.00624833,39.016665,1.0029175
-77.00613167,39.06454667,1.0039555
-77.00588333,39.08158,0.9984663
-77.005795,39.03042333,1.0082028
-77.00531,38.98404,1.0026829
-77.00511833,39.03105667,1.0190313
-77.00474833,38.984255,1.0016503
-77.004685,39.081285,0.99874425
-77.00462833,39.06434833,1.0010108
-77.004435,39.06487667,1.0027456
-77.00435667,39.03182167,1.0143524
-77.00408667,39.08113833,1.0002975
-77.00396667,39.013665,1.0095934
-77.00379,38.98570167,0.99935305
-77.00373167,38.98596167,0.9998179
-77.00368,38.98613667,1.0015377
-77.003515,39.107555,1.0016055
-77.00339333,39.012915,1.0113388
-77.00335833,38.99719333,1.0029886
-77.00321333,38.99663,0.999619
-77.00305167,39.10715333,1.0078913
-77.00294,39.10706,1.0077741
-77.00284833,39.01217333,1.0204484
-77.00282333,39.03334333,1.0228683
-77.00278667,39.065895,0.99742424
-77.0026,39.03356667,1.0285786
-77.00255667,38.99667,0.9971357
-77.002465,39.08074333,1.0003182
-77.00222833,39.01137333,1.0219785
-77.00205833,38.98654333,1.0027848
-77.001995,38.99673167,1.0000114
-77.00194667,39.08062,1.00577
-77.001735,38.998445,1.0145571
-77.00173333,39.10630167,1.0033507
-77.00169,39.03351667,1.0156798
-77.00162667,39.03353333,1.0155065
-77.00139833,39.10630167,1.0060655
-77.00126667,38.99682167,0.9969932
-77.00120833,39.10645667,1.0070194
-77.00114667,39.08078667,1.0144513
-77.00106167,39.09366167,1.0281566
-77.00105833,39.066335,0.9981437
-77.00091833,39.08159833,1.0133654
-77.00091667,38.99850167,1.0165904
-77.00091,39.09338667,1.0266979
-77.00089167,39.06613667,0.9994012
-77.00087833,39.08172833,1.013712
-77.00078,38.98549667,1.0009692
-77.00069167,39.10685333,1.0051589
-77.000625,38.98538833,1.006001
-77.00058833,39.09615667,1.006621
-77.00047,39.08291833,1.0092258
-77.000445,39.10702667,1.0097342
-77.00038333,39.033965,1.0070597
-77.00037167,38.99339167,0.9909357
-77.00034167,38.99436667,0.99796444
-77.000325,38.99440333,0.99796444
-77.00026,38.98511667,1.0038819
-77.00021667,38.98507,1.0017306
-77.00018667,38.99464833,0.99762785
-77.00012167,39.09178167,1.0160131
-77.00009167,39.034075,1.0043013
-77.00007333,38.99477333,1.0009964
-76.99988167,38.99505667,0.99586046
-76.999765,39.08997667,1.0124888
-76.99972333,38.99701167,1.0000248
-76.999625,39.08930333,1.0129213
-76.99958667,38.99540667,0.99998707
-76.999575,39.08904667,1.0121367
-76.99954167,39.08566,1.01115
-76.99948333,39.009315,1.0061947
-76.99940167,39.08626333,1.0100626
-76.99937333,39.087955,1.0137978
-76.999315,39.086895,1.00939
-76.99927667,38.99699167,1.001158
-76.999255,38.99578,1.001233
-76.99920333,38.99586,1.000621
-76.99919333,38.99057167,0.99216557
-76.999145,38.984485,1.010025
-76.99913,38.99697167,1.0019073
-76.99908,38.99606667,1.0017478
-76.999075,38.99033667,0.998833
-76.99903,38.99616333,1.0046384
-76.99888,38.99652333,1.0030415
-76.99883167,38.99682833,1.0053349
-76.998675,39.06188833,1.0047014
-76.99862333,38.98938167,0.99785346
-76.998565,39.00813167,1.0038284
-76.99842167,39.09485,0.9936249
-76.99836333,38.985025,1.0018125
-76.99831,38.988775,0.99053663
-76.99828167,39.10850167,1.0088301
-76.99821333,39.09461333,0.98970145
-76.998025,39.10862333,1.0077236
-76.99786833,39.00657667,1.0060515
-76.99785667,39.09428333,0.9848563
-76.99778333,38.99902333,1.0353786
-76.99769833,39.006215,1.0041612
-76.99768167,39.05834333,1.0157336
-76.99765667,39.10851,0.9968022
-76.997655,39.05821167,1.0180107
-76.99758667,38.98535667,0.9949143
-76.997575,39.03508167,1.0027803
-76.99747833,39.00573,1.0118033
-76.997365,39.00549667,1.0106542
-76.99714833,39.005025,0.9948367
-76.99709333,39.00490167,0.99486834
-76.997065,39.09370667,0.98309046
-76.99684333,38.98651333,0.9889984
-76.99680333,38.99930167,1.0372264
-76.99676167,38.98641333,0.9907958
-76.996435,39.00342667,1.0073911
-76.9963,39.00318333,1.0085795
-76.99622333,39.003065,1.0099269
-76.99584667,39.03663833,1.0114301
-76.99574167,39.001695,1.0024371
-76.99561333,38.99969833,1.0395643
-76.99554667,39.03692167,1.0177915
-76.995515,39.05503667,1.0159663
-76.99505,39.054465,1.0142405
-76.99474,39.053995,1.0159873
-76.99459833,39.05375167,1.0178432
-76.993845,39.05193333,1.0030799
-76.993765,39.075895,0.9955465
-76.9933,39.03841167,1.011883
-76.99308333,39.07496167,0.9982877
-76.99308,39.04810833,1.005554
-76.99305833,39.03850167,1.0182348
-76.99298333,39.03853167,1.0169533
-76.99294167,39.04744,0.997113
-76.9927,39.03864333,1.0165573
-76.99267,39.07474833,0.99285436
-76.992595,39.10632667,0.9981885
-76.99241833,39.04525833,0.9999677
-76.992385,39.09409667,0.9795488
-76.99222167,39.09416167,0.9829642
-76.99219167,39.04414333,1.00435
-76.992005,39.03877333,1.0106647
-76.99196833,39.03871833,1.0104421
-76.99178167,39.042625,1.0037576
-76.991595,39.03821667,1.0184528
-76.99154333,39.03822667,1.0184528
-76.99124333,39.07423667,0.99671924
-76.99107333,39.038395,1.022206
-76.990835,39.040115,1.0122032
-76.99072833,39.03818167,1.0262734
-76.990515,39.07386667,0.9966269
-76.99049167,39.10552,0.99952686
-76.99049,39.038155,1.0255069
-76.99042333,39.038315,1.0247351
-76.990385,39.03985667,1.0209396
-76.99034167,39.038175,1.0217316
-76.99027333,39.038195,1.0211244
-76.99020333,39.09503333,0.9910925
-76.9901,39.03823167,1.0246489
-76.99000833,39.03824,1.0215923
-76.98977833,39.03804667,1.0135587
-76.989775,39.07326167,0.996511
-76.98966833,39.03786333,1.0086042
-76.98959833,39.105175,1.0060931
-76.98958667,39.04015167,1.0216241
-76.98955167,39.09534,0.99318975
-76.98950167,39.07294,0.99705315
-76.989265,39.072655,0.99347115
-76.98903167,39.03663333,1.0166535
-76.98900667,39.09559667,0.9970855
-76.98875167,39.104835,1.0033377
-76.98831833,39.10466667,1.0026941
-76.98827,39.07118167,0.9932951
-76.98800833,39.04081833,1.0206844
-76.98796,39.070375,0.9933892
-76.987505,39.07792167,1.0005865
-76.987465,39.04101167,1.0072733
-76.98696,39.104145,0.9988057
-76.98688333,39.09647167,0.9986809
-76.98676333,39.03418667,1.0135734
-76.98659,39.06841833,0.98889357
-76.98627333,39.04645667,1.0015033
-76.98611333,39.04607833,0.9939972
-76.98597,39.04139167,1.003425
-76.98587,39.04197667,0.9995229
-76.98571167,39.06756667,0.9876245
-76.98570833,39.10365,0.9966792
-76.98553833,39.04707,1.0017277
-76.98548167,39.04721167,0.99787563
-76.98544,39.04727167,0.99575204
-76.98531,39.078065,1.0001249
-76.98527,39.04563833,1.0051368
-76.985075,39.097935,1.0015055
-76.98499667,39.04421833,0.9987081
-76.98497833,39.09804667,1.001328
-76.9847,39.04495667,1.004813
-76.98466667,39.04513,1.0058589
-76.98463167,39.04524,1.0057347
-76.98366833,39.03026833,1.0106218
-76.98348667,39.09989333,0.9998611
-76.983395,39.02945833,1.0074922
-76.983125,39.02875333,1.013185
-76.9831,39.100365,0.9953819
-76.98291167,39.06623833,1.0014132
-76.98262833,39.02795667,1.0130019
-76.98253167,39.02783667,1.004426
-76.98227833,39.078265,1.0013642
-76.98225167,39.10146,1.006622
-76.98201833,39.10213167,1.0058427
-76.98078833,39.066035,1.0001533
-76.98074333,39.07822333,0.9800628
-76.98063167,39.050325,0.98799735
-76.98037667,39.06588,1.0005485
-76.980235,39.02542333,1.0123738
-76.97921333,39.05118,0.9970631
-76.97895667,39.07808,0.96981055
-76.978285,39.07796167,0.96798474
-76.97828,39.06518333,0.99293077
-76.97767833,39.02269667,1.0247844
-76.97726667,39.06540833,0.99625564
-76.977245,39.022415,1.0323076
-76.97712,39.022455,1.0347728
-76.97710667,39.077705,0.96701795
-76.97692,39.02251,1.0303003
-76.97671167,39.06559667,0.9954518
-76.97623833,39.07746167,0.9659621
-76.97465,39.06596833,0.99585223
-76.974535,39.07696667,0.96685886
-76.97436167,39.054165,0.99564224
-76.974215,39.07685667,0.9691585
-76.97362,39.02365333,1.0355345
-76.97340833,39.07661167,0.9737919
-76.97330833,39.02376333,1.0341673
-76.97294,39.06545333,0.9972281
-76.97236833,39.02407667,1.0324568
-76.972075,39.05552333,0.99996895
-76.97200833,39.076445,0.99370444
-76.97186667,39.07643833,0.99391633
-76.971715,39.02428,1.0325626
-76.97130167,39.06492167,1.0029942
-76.970415,39.02472667,1.0290157
-76.97038833,39.05654167,1.001729
-76.97007,39.05673167,1.0011632
-76.969585,39.02501167,1.0242586
-76.96912333,39.05726667,1.0040015
-76.96909167,39.025185,1.0247028
-76.96902,39.05733,1.0042529
-76.96873667,39.05750667,0.9942844
-76.968515,39.057645,0.9970166
-76.96845333,39.02540333,1.0226127
-76.967805,39.05717167,0.9963541
-76.967175,39.05656167,1.003664
-76.96697167,39.09137833,1.009839
-76.96663667,39.09084,1.0068504
-76.96663333,39.063625,1.0029136
-76.96656,39.077565,0.99890625
-76.96647833,39.09061167,1.0045471
-76.96642333,39.02614,1.0274907
-76.96636,39.09717167,0.9914149
-76.96581,39.077775,1.0016431
-76.96577333,39.02629667,1.0181023
-76.96531167,39.02646,1.0266626
-76.96507167,39.09812667,0.9846476
-76.96467667,39.09919167,0.9791226
-76.96444,39.08821667,1.0032694
-76.96412833,39.10014167,0.9870909
-76.96371667,39.07809833,0.9978632
-76.96361667,39.10337833,0.9792786
-76.96361333,39.08782833,1.0015157
-76.96356833,39.056045,0.98084784
-76.96356167,39.06278167,1.0077229
-76.96355667,39.078085,0.99658775
-76.96352667,39.10291333,0.9824839
-76.96345667,39.10442,0.97780484
-76.96342,39.062745,1.0080409
-76.96340167,39.10465667,0.9779738
-76.96323333,39.105965,0.9792811
-76.96319333,39.10642167,0.9817016
-76.96317,39.106855,0.9844374
-76.96316667,39.10715333,0.9853977
-76.963095,39.10806667,0.98604864
-76.96307,39.10830667,0.9839595
-76.96300167,39.10908333,0.9853158
-76.96296,39.02771833,1.0268974
-76.96295333,39.10976333,0.9907101
-76.96294333,39.10985167,0.99035263
-76.96283167,39.110875,0.9794389
-76.96277333,39.11147,0.9811001
-76.96269,39.11254333,0.98313904
-76.96267667,39.11276333,0.9821594
-76.96263,39.05586,0.9927407
-76.96251667,39.08757667,1.0035549
-76.96239,39.055775,0.9859562
-76.96235667,39.06269833,1.027014
-76.962305,39.07791167,0.9969105
-76.96226333,39.08752333,1.0031526
-76.96188167,39.07785,0.9964121
-76.96187833,39.11601,0.9908612
-76.96170333,39.06336833,1.0216419
-76.96149167,39.08735167,1.0023236
-76.96134667,39.064105,1.0204821
-76.96129833,39.05543167,0.99432105
-76.96094833,39.087245,1.0052863
-76.96060667,39.065375,1.0138565
-76.96045667,39.07763833,0.9955144
-76.96038167,39.11525,0.9908214
-76.96031,39.07761667,0.9954691
-76.96012833,39.115105,0.9812741
-76.95981333,39.08706,0.9998926
-76.95972,39.06674667,1.0139393
-76.95944667,39.06716833,1.0196584
-76.959445,39.07746833,0.9969465
-76.959195,39.07739,0.99695116
-76.95917667,39.06758,1.0217043
-76.95905167,39.08695333,1.0040433
-76.959035,39.11446333,0.9892857
-76.95859167,39.08688667,1.0059069
-76.95844833,39.029315,1.025624
-76.958355,39.02934,1.0245719
-76.958325,39.02935,1.0245719
-76.95827833,39.06762,1.0111872
-76.95826833,39.05563833,0.99749327
-76.95825,39.02936333,1.0219293
-76.95789333,39.07634167,0.99520665
-76.957775,39.06758833,1.010867
-76.95775833,39.07631333,0.99523073
-76.95764333,39.029555,1.0170696
-76.95759333,39.076445,0.9937786
-76.95751833,39.11347667,0.9928498
-76.95709333,39.05546833,1.0005692
-76.956785,39.07781833,0.9888837
-76.95653,39.07816,0.9876068
-76.95634667,39.07839167,0.98703927
-76.95590667,39.03007167,1.0193851
-76.95566,39.11251333,1.0089535
-76.95502667,39.08049,0.99817675
-76.95461,39.06843,0.99752307
-76.954365,39.05591,0.9898944
-76.954255,39.08615,1.0031414
-76.95418333,39.06874833,0.99445635
-76.95385833,39.03111833,1.0148687
-76.95384667,39.06900667,1.001479
-76.95382167,39.05471167,0.9948027
-76.95376167,39.06907333,1.0045863
-76.95344833,39.03136667,1.0164058
-76.95335333,39.05302833,1.0003053
-76.95328833,39.052815,0.9953387
-76.95327167,39.06945833,1.0068897
-76.952985,39.06969667,0.99685997
-76.952915,39.08263833,0.988038
-76.95284667,39.11170333,1.0048473
-76.95279833,39.069835,1.0027176
-76.95274833,39.05085,1.0176308
-76.95221667,39.04778667,1.0133138
-76.952085,39.03219333,1.0242463
-76.95204667,39.046645,1.0161952
-76.95180167,39.04525,1.0178543
-76.95167667,39.08594167,0.9967758
-76.95163,39.04463333,1.0172665
-76.95154833,39.04447167,1.015253
-76.95151167,39.08389667,0.99314135
-76.951415,39.04426167,1.0072001
-76.951065,39.08582333,0.9938219
-76.95092333,39.04368167,1.0147839
-76.95080333,39.08518667,1.004859
-76.95078667,39.08525167,1.004859
-76.95076,39.08539167,1.0039002
-76.95073167,39.085525,1.003887
-76.95068833,39.04338667,1.0116102
-76.94963,39.042035,1.0214157
-76.94953833,39.06725833,0.99878186
-76.949475,39.034715,1.0273429
-76.94947333,39.041785,1.0268699
-76.94932333,39.11087667,1.002543
-76.94924333,39.03508833,1.0226718
-76.94895667,39.04092,1.0246987
-76.94833167,39.03719333,1.0153404
-76.94830667,39.03733667,1.0146598
-76.94824833,39.040025,1.029368
-76.94805,39.03981667,1.030976
-76.948,39.03898667,1.0244575
-76.94722333,39.06677167,0.99331826
-76.94695833,39.109335,0.9987541
-76.94641,39.06651167,0.99567795
-76.945105,39.10812667,1.0049094
-76.94508,39.10811333,1.0057048
-76.94503333,39.07938333,1.0109935
-76.94500167,39.079335,1.0109935
-76.94467,39.07890667,1.0113212
-76.94433167,39.06583833,0.99653405
-76.94418167,39.06584167,0.99617946
-76.94414833,39.10745833,1.0052224
-76.94370667,39.10716167,1.005572
-76.94348333,39.10702,1.0054432
-76.94320333,39.10185333,0.99520063
-76.94313,39.10683,1.0062016
-76.94302333,39.10176,0.994408
-76.94272667,39.06566,0.99938893
-76.942655,39.10154,0.99484986
-76.94244333,39.065595,1.0007043
-76.9423,39.06556167,1.0014
-76.94218333,39.08106667,1.0000737
-76.94188,39.081225,0.9982207
-76.94177333,39.08128167,0.9983277
-76.94167833,39.10094833,0.99191195
-76.941505,39.10651167,1.0098428
-76.94143667,39.08146333,0.99732566
-76.94142,39.10077333,0.9912355
-76.94090167,39.10120333,0.99882233
-76.940835,39.106635,1.0089781
-76.94064667,39.10145167,0.9957164
-76.94049333,39.07515333,1.0097106
-76.94040833,39.10675167,1.0075927
-76.94034333,39.10179167,0.99413615
-76.93999667,39.10224333,0.9963463
-76.93937167,39.107165,1.007343
-76.93930333,39.07355333,1.014773
-76.93921167,39.10723333,1.0081248
-76.939005,39.08277,0.98804295
-76.93888333,39.082835,0.9905139
-76.938615,39.10447333,0.99736637
-76.93859167,39.07256667,1.0136119
-76.93850833,39.10469333,0.99683654
-76.93845667,39.104805,0.9965123
-76.93836167,39.10502,0.9944554
-76.93827833,39.105235,0.99334425
-76.93816,39.07185833,1.0096678
-76.93813833,39.10556167,0.9927733
-76.93810167,39.07175167,1.0096271
-76.93745167,39.10692833,0.9990616
-76.93738,39.08365333,0.9914653
-76.93734333,39.06659,1.0152614
-76.937335,39.06494,1.0077009
-76.93723167,39.06935333,1.0160013
-76.93718167,39.10837667,1.0083268
-76.93710333,39.110785,0.99608815
-76.93697667,39.06498,1.0088526
-76.93663333,39.08405167,0.9986175
-76.93659833,39.10725833,1.0085014
-76.93656333,39.10728,0.99964696
-76.936555,39.10646333,1.0004009
-76.93647167,39.107335,0.9977763
-76.93634,39.1108,0.9974689
-76.93628333,39.098045,1.0104314
-76.936275,39.10874167,1.0110792
-76.93607833,39.10757667,0.98820776
-76.93591167,39.10529167,0.99498373
-76.93557333,39.09930833,1.010495
-76.93549667,39.10786167,0.9915009
-76.93548167,39.11054333,1.0034673
-76.93538833,39.09965,1.007374
-76.93533333,39.11041667,1.0075231
-76.93529667,39.10469833,0.9967027
-76.93514833,39.104735,0.99671745
-76.93513667,39.11021833,1.0037004
-76.93512167,39.10737167,0.9916902
-76.93505167,39.10723667,0.98787844
-76.93501167,39.10717,0.9904225
-76.93497167,39.10040167,1.0052742
-76.93485167,39.10060833,1.0063114
-76.93483833,39.10693,0.9950194
-76.934465,39.101205,1.0102931
-76.93435667,39.105385,0.99782455
-76.934285,39.08542333,0.99514794
-76.934205,39.10548833,0.9948796
-76.93389833,39.08561667,0.99283516
-76.93307833,39.09373167,1.0076041
-76.93298833,39.10214833,1.0042742
-76.93285167,39.10420667,1.0183005
-76.93264667,39.10227667,1.0049278
-76.932585,39.10409667,1.0039295
-76.932445,39.09350333,1.0031049
-76.93225667,39.08590667,0.99440676
-76.93215,39.10356833,1.0026156
-76.93213833,39.10316667,1.0054924
-76.931415,39.09267,1.0064509
-76.93135,39.08600667,0.9970388
-76.9312,39.08635167,1.0082775
-76.9312,39.08651333,1.0071987
-76.93119667,39.08659833,1.0071987
-76.93119333,39.08668,1.0056233
-76.93093167,39.08771667,1.0022148
-76.93009,39.09109667,0.9975953
-76.93001,39.09091167,0.9952207
